student_id,split,credit_hours,work_hours_per_week,avg_weekly_study_hours,study_sessions_logged,materials_uploaded,practice_quizzes_taken,avg_practice_quiz_score,flashcards_reviewed,avg_days_started_before_exam,on_time_submission_rate,missed_deadlines,late_night_study_pct,attendance_rate,avg_sleep_hours,midterm_score,course_BIO 181,course_CH 101,course_CSC 216,course_EC 201,course_ECE 200,course_MA 241,course_PY 205,course_ST 311,class_year_Freshman,class_year_Junior,class_year_Senior,class_year_Sophomore,at_risk
S1000,train,14,3.0,0.5,10,7,6,70.8,135,1.5,0.83,1,0.28,0.83,7.4,65,1,0,0,0,0,0,0,0,0,0,0,1,0
S1001,test,16,11.0,2.9,16,10,8,77.3,49,4.0,0.81,3,0.07,0.84,6.8,69,1,0,0,0,0,0,0,0,1,0,0,0,0
S1002,train,13,2.0,1.9,24,9,9,52.9,124,0.0,0.77,2,0.41,0.8,6.5,56,0,0,0,0,0,1,0,0,0,0,0,1,0
S1003,train,15,13.0,2.8,28,18,30,96.3,326,4.0,0.88,3,0.27,0.95,6.4,98,0,0,1,0,0,0,0,0,0,0,0,1,0
S1004,train,16,17.0,4.9,54,14,13,69.5,129,5.5,0.94,0,0.22,0.81,6.0,76,0,0,0,1,0,0,0,0,0,1,0,0,0
S1005,train,13,0.0,4.6,50,11,16,72.6,124,2.2,0.77,5,0.29,0.9,7.4,64,0,0,0,0,1,0,0,0,0,1,0,0,0
S1006,train,14,4.0,4.2,27,16,5,65.9,69,0.0,0.86,2,0.36,0.84,6.7,67,0,1,0,0,0,0,0,0,0,0,1,0,0
S1007,train,12,7.0,3.1,19,11,9,73.3,78,1.3,0.94,1,0.23,0.86,6.3,63,0,1,0,0,0,0,0,0,0,0,0,1,0
S1008,test,15,0.0,3.6,14,10,12,82.5,157,2.0,0.83,2,0.31,0.84,7.5,64,1,0,0,0,0,0,0,0,0,0,1,0,0
S1009,train,15,0.0,3.7,23,10,11,78.4,227,1.1,0.77,2,0.15,0.65,5.8,62,0,1,0,0,0,0,0,0,0,0,1,0,1
S1010,train,16,1.0,6.2,49,8,13,82.5,264,3.0,0.9,1,0.1,0.91,7.0,76,1,0,0,0,0,0,0,0,0,0,0,1,0
S1011,train,15,0.0,5.1,55,10,17,83.2,137,3.9,0.88,1,0.3,0.79,6.5,73,0,0,0,0,0,0,1,0,1,0,0,0,0
S1012,train,17,0.0,1.9,22,9,6,84.8,0,3.0,0.77,4,0.11,0.88,6.9,74,0,0,1,0,0,0,0,0,0,0,0,1,0
S1013,train,17,0.0,8.0,60,9,7,53.2,133,5.4,0.92,2,0.34,0.82,6.1,63,0,0,1,0,0,0,0,0,0,1,0,0,0
S1014,train,12,0.0,5.4,56,10,18,63.3,269,5.5,0.78,2,0.29,0.94,7.3,50,1,0,0,0,0,0,0,0,0,0,0,1,1
S1015,train,15,2.0,2.4,17,6,2,67.8,57,4.0,0.78,3,0.43,0.77,5.1,56,0,0,0,0,0,1,0,0,1,0,0,0,1
S1016,test,16,23.0,1.7,17,10,24,59.6,372,0.9,0.81,3,0.35,0.95,5.7,66,0,0,1,0,0,0,0,0,0,0,1,0,0
S1017,train,15,17.0,5.7,54,5,11,83.7,221,4.6,0.89,1,0.38,0.94,5.5,61,0,0,0,0,1,0,0,0,0,1,0,0,1
S1018,train,14,14.0,3.8,33,10,11,70.0,179,1.8,0.83,3,0.46,0.76,6.1,52,0,0,0,0,0,1,0,0,1,0,0,0,1
S1019,test,13,4.0,2.5,33,1,3,65.9,70,4.1,0.82,2,0.48,0.8,5.7,55,0,0,0,1,0,0,0,0,0,0,1,0,0
S1020,train,16,18.0,0.5,3,0,11,72.9,153,0.8,0.67,3,0.45,0.94,5.3,54,0,0,0,0,0,0,0,1,0,0,0,1,1
S1021,train,12,0.0,2.7,30,4,10,81.4,77,3.8,0.81,3,0.13,0.94,7.1,62,0,0,0,0,0,0,1,0,0,0,0,1,0
S1022,train,15,0.0,6.2,69,7,3,76.4,54,3.9,0.86,0,0.17,0.73,5.9,55,0,0,0,0,0,0,1,0,0,0,0,1,0
S1023,train,18,0.0,4.6,40,11,10,64.8,176,2.5,0.85,1,0.33,0.84,6.7,61,0,0,0,0,0,0,1,0,0,0,0,1,0
S1024,train,16,3.0,6.0,51,8,21,71.7,223,1.8,0.88,3,0.09,0.94,7.4,68,0,1,0,0,0,0,0,0,0,0,1,0,0
S1025,train,13,12.0,8.9,75,13,23,85.1,434,4.8,0.89,1,0.13,1.0,6.7,89,1,0,0,0,0,0,0,0,0,1,0,0,0
S1026,test,17,18.0,1.6,17,8,10,69.0,203,5.4,0.69,4,0.27,0.78,4.6,45,0,0,0,0,0,1,0,0,1,0,0,0,1
S1027,test,16,0.0,7.8,76,11,22,78.9,200,6.0,1.0,0,0.05,0.97,6.6,75,0,0,1,0,0,0,0,0,0,0,0,1,0
S1028,train,16,0.0,0.5,7,7,7,55.2,117,1.9,0.79,2,0.41,0.82,5.6,35,0,0,0,0,1,0,0,0,1,0,0,0,1
S1029,test,14,0.0,4.8,27,15,15,62.4,185,5.1,0.98,0,0.37,0.94,5.7,63,0,1,0,0,0,0,0,0,0,0,0,1,0
S1030,test,18,0.0,2.4,36,9,14,67.7,292,2.4,0.72,5,0.26,0.88,6.2,48,0,0,0,0,0,0,1,0,0,1,0,0,1
S1031,train,16,21.0,7.2,75,9,16,100.0,287,1.8,0.9,1,0.28,0.96,5.3,87,0,0,0,1,0,0,0,0,0,0,0,1,0
S1032,train,13,15.0,4.5,41,7,19,90.0,326,5.0,0.92,1,0.32,0.97,4.5,89,0,0,0,0,0,0,0,1,0,1,0,0,0
S1033,train,14,4.0,9.5,93,19,19,81.4,280,2.1,0.92,0,0.14,0.86,7.4,87,0,0,0,0,0,0,1,0,1,0,0,0,0
S1034,train,13,0.0,0.5,3,10,9,95.1,168,4.2,0.73,3,0.28,0.77,6.2,54,1,0,0,0,0,0,0,0,0,1,0,0,1
S1035,train,12,0.0,7.4,72,16,28,71.6,455,5.4,0.8,2,0.05,0.92,6.7,65,0,0,0,0,0,0,0,1,1,0,0,0,0
S1036,train,12,8.0,0.5,3,8,15,65.1,130,1.3,0.82,3,0.16,0.75,5.9,64,0,0,0,1,0,0,0,0,1,0,0,0,1
S1037,train,13,0.0,5.2,52,5,11,66.5,162,2.0,0.79,1,0.21,0.75,4.0,55,0,0,0,0,0,0,0,1,0,0,0,1,1
S1038,train,17,18.0,5.6,44,13,17,79.9,232,1.1,0.78,2,0.22,0.87,5.6,76,0,0,0,0,1,0,0,0,0,0,1,0,0
S1039,test,15,7.0,4.8,41,7,26,94.9,368,1.5,0.91,2,0.22,0.96,5.8,80,0,1,0,0,0,0,0,0,0,1,0,0,0
S1040,train,15,0.0,4.4,45,8,18,68.2,309,3.2,0.81,1,0.3,0.84,6.6,70,1,0,0,0,0,0,0,0,1,0,0,0,0
S1041,train,15,0.0,3.1,24,9,11,72.2,127,4.4,0.87,3,0.52,0.93,5.9,63,0,0,0,1,0,0,0,0,1,0,0,0,0
S1042,train,18,0.0,4.3,41,7,4,84.3,0,0.0,0.74,3,0.09,0.87,6.5,75,0,0,0,0,0,1,0,0,1,0,0,0,0
S1043,train,14,35.0,4.3,39,10,16,66.5,148,5.8,0.84,0,0.09,0.85,5.5,82,0,0,0,0,1,0,0,0,0,1,0,0,0
S1044,test,15,0.0,6.2,68,12,20,82.5,325,4.0,0.92,1,0.3,0.87,6.5,71,0,0,0,0,0,0,1,0,0,0,1,0,0
S1045,train,13,4.0,5.8,61,10,16,77.2,149,4.6,0.94,0,0.08,0.9,6.2,75,0,0,0,0,0,0,0,1,0,1,0,0,0
S1046,test,12,4.0,9.3,89,18,30,94.6,390,8.0,1.0,0,0.24,0.89,6.3,82,1,0,0,0,0,0,0,0,0,1,0,0,0
S1047,train,12,0.0,3.4,50,5,5,53.9,97,3.3,0.72,4,0.28,0.83,6.1,47,0,0,0,0,0,0,1,0,0,0,0,1,1
S1048,train,15,16.0,8.9,86,16,27,100.0,325,7.8,0.87,2,0.24,0.98,6.0,91,0,0,0,0,0,1,0,0,0,1,0,0,0
S1049,train,15,3.0,11.2,100,14,33,90.9,346,8.1,1.0,0,0.16,0.99,6.2,93,0,0,0,0,1,0,0,0,0,0,0,1,0
S1050,train,15,23.0,7.2,82,21,30,90.9,413,6.8,0.88,2,0.25,0.99,7.1,76,0,0,0,1,0,0,0,0,0,1,0,0,0
S1051,train,16,0.0,7.1,63,17,18,81.3,262,4.1,0.87,1,0.07,0.85,7.0,69,0,0,0,0,1,0,0,0,1,0,0,0,0
S1052,train,12,0.0,3.2,27,3,8,64.8,31,3.6,0.74,4,0.29,0.85,7.5,54,0,0,0,0,0,0,0,1,0,1,0,0,0
S1053,test,15,0.0,6.3,51,10,20,89.2,312,5.4,0.98,0,0.01,0.98,6.2,75,0,0,1,0,0,0,0,0,1,0,0,0,0
S1054,train,18,0.0,2.7,24,12,10,58.0,69,0.0,0.89,1,0.26,0.81,6.2,49,0,0,0,0,0,0,0,1,0,0,0,1,1
S1055,train,15,0.0,5.5,57,4,12,56.8,57,2.4,0.93,0,0.46,0.77,6.1,72,0,1,0,0,0,0,0,0,1,0,0,0,0
S1056,train,16,0.0,2.7,11,12,23,67.4,361,5.2,0.85,1,0.17,0.87,6.7,46,0,0,0,0,0,0,0,1,0,0,0,1,0
S1057,train,15,11.0,4.1,37,13,28,68.3,403,3.6,0.96,0,0.19,1.0,6.8,69,0,0,0,0,1,0,0,0,1,0,0,0,0
S1058,train,12,0.0,6.8,51,11,11,74.5,161,5.4,0.92,0,0.0,0.81,7.3,87,0,0,0,0,0,0,0,1,0,1,0,0,0
S1059,train,18,0.0,4.5,53,11,12,75.3,77,0.7,0.91,1,0.32,0.81,6.9,78,0,0,0,0,0,1,0,0,0,1,0,0,0
S1060,train,14,29.0,1.8,17,7,7,64.9,0,1.5,0.6,3,0.41,0.78,4.3,54,0,0,0,0,1,0,0,0,1,0,0,0,1
S1061,train,13,0.0,3.9,48,6,14,69.6,178,2.2,0.75,3,0.4,0.79,7.2,53,1,0,0,0,0,0,0,0,0,1,0,0,1
S1062,train,15,10.0,2.6,23,7,8,69.3,76,1.2,0.72,4,0.27,0.86,6.7,63,0,0,0,1,0,0,0,0,0,1,0,0,1
S1063,train,12,29.0,0.5,3,5,2,70.9,0,2.5,0.51,6,0.32,0.76,4.4,62,0,0,0,0,0,1,0,0,0,0,1,0,1
S1064,train,14,13.0,1.5,10,1,12,70.8,162,0.3,0.87,3,0.41,0.86,5.2,58,1,0,0,0,0,0,0,0,0,0,1,0,1
S1065,train,15,12.0,6.5,88,13,25,80.3,394,6.2,0.93,0,0.18,0.96,5.7,79,0,0,1,0,0,0,0,0,0,0,1,0,0
S1066,test,12,19.0,3.0,28,6,2,61.7,0,2.9,0.76,3,0.34,0.87,5.6,61,0,0,0,1,0,0,0,0,0,0,1,0,0
S1067,train,17,5.0,3.7,43,8,9,64.6,126,3.2,0.87,1,0.41,0.74,5.3,59,0,1,0,0,0,0,0,0,0,0,1,0,1
S1068,train,13,0.0,1.5,7,7,11,68.9,140,0.1,0.79,3,0.4,0.84,5.9,67,0,0,0,0,0,1,0,0,0,0,1,0,1
S1069,train,15,8.0,4.3,37,8,14,78.0,324,2.9,0.95,2,0.36,0.91,6.5,70,1,0,0,0,0,0,0,0,0,0,1,0,0
S1070,train,16,13.0,0.5,12,4,0,0.0,0,1.0,0.79,2,0.28,0.73,5.6,63,1,0,0,0,0,0,0,0,0,0,0,1,0
S1071,train,15,0.0,3.1,40,9,11,60.0,92,2.9,0.78,2,0.44,0.86,5.8,61,0,1,0,0,0,0,0,0,1,0,0,0,0
S1072,train,18,8.0,9.8,101,12,35,99.2,495,11.1,0.99,1,0.0,1.0,5.5,91,0,0,0,0,0,0,1,0,0,0,1,0,0
S1073,train,16,26.0,0.5,3,6,10,65.7,302,2.1,0.73,5,0.56,0.79,6.3,47,0,1,0,0,0,0,0,0,1,0,0,0,1
S1074,test,16,3.0,4.4,27,8,19,83.3,202,6.9,0.95,1,0.08,0.97,6.5,79,1,0,0,0,0,0,0,0,0,0,1,0,0
S1075,train,15,0.0,6.9,52,9,25,71.6,300,3.9,0.88,2,0.19,0.72,6.6,57,0,0,1,0,0,0,0,0,0,0,1,0,0
S1076,train,16,0.0,4.1,32,11,14,70.8,184,6.0,0.86,2,0.04,0.92,6.5,65,0,0,1,0,0,0,0,0,0,1,0,0,0
S1077,train,12,3.0,5.6,49,8,18,56.6,181,2.9,0.86,2,0.29,0.81,6.1,66,0,1,0,0,0,0,0,0,1,0,0,0,0
S1078,train,17,0.0,4.9,50,5,19,94.9,311,4.4,1.0,0,0.0,0.87,6.2,92,1,0,0,0,0,0,0,0,0,1,0,0,0
S1079,train,14,11.0,5.1,32,4,10,51.0,82,3.5,0.83,3,0.29,0.75,5.2,48,0,1,0,0,0,0,0,0,0,0,1,0,0
S1080,test,12,16.0,6.8,52,14,19,91.6,274,8.5,0.89,3,0.23,0.9,6.7,97,0,0,1,0,0,0,0,0,1,0,0,0,0
S1081,train,14,14.0,0.7,8,0,0,0.0,0,1.3,0.75,2,0.51,0.68,5.2,39,0,0,1,0,0,0,0,0,0,0,1,0,1
S1082,train,14,2.0,5.3,49,7,13,73.4,238,3.4,0.86,1,0.41,0.96,6.9,62,0,1,0,0,0,0,0,0,0,1,0,0,0
S1083,train,18,0.0,8.7,78,5,16,81.1,300,6.6,0.92,1,0.23,0.91,6.3,70,1,0,0,0,0,0,0,0,0,0,1,0,0
S1084,test,14,15.0,5.7,67,9,10,65.2,162,3.6,0.84,2,0.31,0.77,7.0,74,0,1,0,0,0,0,0,0,0,0,0,1,0
S1085,train,14,0.0,2.7,16,0,1,62.0,0,0.0,0.85,2,0.32,0.69,6.9,36,0,0,0,0,0,1,0,0,0,0,1,0,1
S1086,test,17,0.0,2.9,34,5,8,63.1,125,0.8,0.79,3,0.41,0.86,6.6,65,0,0,0,0,0,0,0,1,1,0,0,0,0
S1087,train,17,0.0,2.3,22,7,4,72.3,27,2.0,0.78,3,0.3,0.98,6.2,62,0,0,0,0,0,0,1,0,0,1,0,0,0
S1088,test,15,0.0,1.1,7,0,3,62.2,56,1.3,0.84,3,0.23,0.85,7.3,62,0,0,0,0,0,1,0,0,0,0,1,0,1
S1089,test,17,3.0,5.1,41,12,9,60.5,102,5.5,0.78,2,0.32,0.89,6.9,70,0,0,0,0,0,0,1,0,0,0,0,1,0
S1090,train,12,28.0,5.3,35,11,15,82.0,204,3.2,0.86,2,0.36,1.0,6.4,71,0,0,0,0,0,1,0,0,1,0,0,0,0
S1091,train,16,10.0,0.5,3,5,2,72.1,0,0.0,0.68,4,0.35,0.74,5.5,43,0,0,0,0,1,0,0,0,0,0,1,0,1
S1092,train,12,14.0,3.0,25,0,7,76.2,109,0.0,0.65,5,0.34,0.72,6.6,53,0,0,0,0,1,0,0,0,0,0,0,1,0
S1093,test,13,8.0,0.5,3,5,0,0.0,120,0.6,0.69,4,0.36,0.73,6.6,62,1,0,0,0,0,0,0,0,1,0,0,0,1
S1094,train,18,0.0,3.3,24,8,9,75.0,222,4.6,0.75,3,0.19,0.89,7.9,55,0,0,0,0,0,1,0,0,0,0,1,0,0
S1095,train,18,0.0,8.4,77,17,30,87.1,407,9.7,0.86,1,0.07,0.93,7.0,81,1,0,0,0,0,0,0,0,0,0,1,0,0
S1096,train,15,0.0,3.8,45,9,14,69.6,214,0.0,0.8,2,0.32,0.91,5.4,64,1,0,0,0,0,0,0,0,0,0,1,0,0
S1097,train,15,7.0,6.9,68,7,12,83.8,71,1.1,0.88,0,0.32,0.93,5.7,87,0,0,0,0,0,1,0,0,0,1,0,0,0
S1098,test,17,20.0,2.5,23,5,16,62.6,269,2.5,0.66,5,0.4,0.84,5.2,41,0,0,0,1,0,0,0,0,1,0,0,0,1
S1099,train,15,0.0,2.8,18,7,5,54.2,129,0.5,0.84,1,0.56,0.89,6.2,54,0,0,0,0,0,1,0,0,0,0,0,1,1
S1100,train,15,25.0,0.5,3,2,5,52.9,0,0.0,0.57,5,0.57,0.7,4.3,48,0,0,0,0,0,0,0,1,0,0,0,1,1
S1101,test,12,2.0,5.5,53,11,19,76.1,190,1.6,0.87,1,0.29,0.79,6.5,79,0,0,0,0,0,0,1,0,0,0,0,1,0
S1102,train,15,13.0,9.2,80,12,11,81.7,70,6.4,0.86,2,0.16,0.83,6.5,84,1,0,0,0,0,0,0,0,1,0,0,0,0
S1103,train,12,0.0,4.2,42,8,14,79.6,187,3.3,0.77,2,0.2,0.76,6.7,69,0,0,0,0,0,0,0,1,1,0,0,0,0
S1104,train,14,0.0,5.3,49,10,23,79.2,268,5.5,0.86,4,0.31,0.91,6.5,81,1,0,0,0,0,0,0,0,1,0,0,0,0
S1105,train,13,0.0,2.7,29,5,7,72.7,134,3.9,0.93,1,0.24,1.0,6.0,69,0,0,0,0,1,0,0,0,1,0,0,0,0
S1106,train,16,0.0,4.1,62,0,18,80.2,275,6.7,0.83,2,0.31,1.0,7.2,63,0,1,0,0,0,0,0,0,0,0,0,1,0
S1107,train,15,3.0,5.7,55,2,12,78.4,82,4.1,0.75,3,0.38,0.74,5.1,77,0,1,0,0,0,0,0,0,0,0,0,1,1
S1108,train,17,10.0,3.9,39,4,23,77.9,266,3.9,0.82,2,0.17,0.82,5.8,72,0,0,0,0,0,0,1,0,0,1,0,0,0
S1109,train,17,0.0,6.0,53,12,13,77.3,161,5.2,0.85,1,0.15,0.92,7.6,63,0,0,0,0,0,0,1,0,0,0,0,1,0
S1110,train,12,0.0,2.5,30,3,4,73.5,37,4.3,0.76,3,0.25,0.75,6.4,60,0,0,0,0,0,0,0,1,0,0,0,1,1
S1111,train,18,0.0,2.5,17,0,2,40.0,82,0.0,0.78,2,0.33,0.7,6.5,51,0,1,0,0,0,0,0,0,1,0,0,0,1
S1112,train,17,14.0,2.1,20,9,12,76.6,203,4.9,0.87,2,0.16,0.86,6.8,70,0,0,1,0,0,0,0,0,1,0,0,0,0
S1113,test,14,0.0,2.8,11,0,13,80.4,288,3.5,0.84,1,0.24,0.75,5.9,69,0,0,0,0,0,0,1,0,0,0,0,1,0
S1114,train,15,0.0,6.2,72,7,10,70.8,9,2.8,0.82,2,0.2,0.87,6.7,71,0,0,0,0,0,0,1,0,1,0,0,0,0
S1115,train,12,0.0,9.9,101,21,16,88.2,386,6.6,1.0,0,0.09,0.91,8.1,86,1,0,0,0,0,0,0,0,1,0,0,0,0
S1116,train,13,10.0,1.2,3,4,12,63.3,207,0.3,0.79,3,0.28,0.7,5.5,54,0,0,0,1,0,0,0,0,0,0,0,1,1
S1117,train,14,17.0,4.8,57,7,15,84.7,198,6.1,0.91,0,0.43,0.88,5.2,71,0,0,0,0,1,0,0,0,1,0,0,0,0
S1118,train,15,2.0,9.1,87,9,18,79.1,194,4.5,0.83,2,0.23,0.93,5.9,74,0,0,0,0,0,1,0,0,1,0,0,0,0
S1119,train,12,11.0,6.8,69,5,13,80.0,227,2.7,0.87,1,0.16,0.88,6.6,75,1,0,0,0,0,0,0,0,0,1,0,0,0
S1120,train,18,3.0,5.3,51,12,24,81.5,424,7.0,1.0,0,0.25,0.85,6.6,83,1,0,0,0,0,0,0,0,0,0,0,1,0
S1121,test,18,19.0,1.3,10,15,17,77.6,283,2.6,0.67,4,0.35,0.96,5.8,76,0,0,0,1,0,0,0,0,0,0,0,1,0
S1122,train,14,16.0,2.7,32,14,0,0.0,63,1.5,0.76,3,0.22,0.83,6.1,59,0,1,0,0,0,0,0,0,0,1,0,0,1
S1123,train,17,8.0,4.7,41,4,19,78.9,268,2.9,0.86,1,0.33,0.95,4.9,84,0,0,0,0,1,0,0,0,0,1,0,0,0
S1124,train,15,0.0,5.4,41,8,8,69.4,89,3.7,0.86,1,0.26,0.93,6.4,62,0,0,0,0,0,0,0,1,0,1,0,0,0
S1125,train,13,0.0,7.7,82,15,24,76.4,289,6.6,0.92,0,0.16,0.91,6.8,90,0,0,0,0,1,0,0,0,0,0,0,1,0
S1126,test,15,0.0,2.6,23,6,12,61.1,58,2.7,0.82,3,0.3,0.85,5.4,63,0,1,0,0,0,0,0,0,1,0,0,0,0
S1127,train,12,0.0,8.0,82,21,29,80.7,396,4.4,0.91,2,0.3,0.88,5.4,84,1,0,0,0,0,0,0,0,0,0,1,0,0
S1128,train,15,20.0,3.7,34,3,0,0.0,68,3.5,0.77,3,0.61,0.83,4.6,65,0,0,1,0,0,0,0,0,0,1,0,0,0
S1129,train,17,5.0,2.2,27,8,7,61.6,219,1.1,0.79,3,0.28,0.89,6.2,62,0,0,0,0,1,0,0,0,0,0,1,0,1
S1130,train,12,22.0,1.0,3,1,10,71.9,143,3.9,0.61,5,0.64,0.6,5.4,54,0,1,0,0,0,0,0,0,1,0,0,0,1
S1131,train,12,9.0,1.2,17,1,16,63.3,131,0.0,0.75,4,0.39,0.81,4.9,59,0,0,0,1,0,0,0,0,1,0,0,0,1
S1132,train,14,6.0,5.4,54,2,8,77.7,95,5.2,0.76,3,0.25,0.95,6.2,75,0,0,0,1,0,0,0,0,0,0,1,0,0
S1133,train,13,35.0,0.5,3,4,1,69.0,42,3.7,0.71,3,0.46,0.7,5.1,66,0,0,0,0,0,0,1,0,1,0,0,0,0
S1134,train,12,0.0,0.5,10,10,5,68.5,170,1.9,0.81,2,0.43,0.89,6.2,59,0,1,0,0,0,0,0,0,0,0,1,0,0
S1135,train,16,15.0,5.9,61,17,26,94.6,378,3.8,0.91,2,0.11,0.97,7.1,90,0,0,0,0,0,0,0,1,0,1,0,0,0
S1136,train,13,3.0,5.9,56,14,25,93.4,429,3.9,0.71,4,0.3,0.87,5.5,68,0,0,1,0,0,0,0,0,1,0,0,0,0
S1137,test,16,0.0,7.9,81,14,29,91.0,449,4.0,1.0,1,0.25,0.93,6.0,83,0,0,1,0,0,0,0,0,0,1,0,0,0
S1138,test,14,17.0,1.4,7,6,3,57.9,72,0.4,0.66,4,0.41,0.79,5.2,64,0,0,1,0,0,0,0,0,0,0,0,1,1
S1139,train,15,3.0,0.5,3,6,0,0.0,24,0.0,0.74,5,0.36,0.66,5.8,45,0,0,0,1,0,0,0,0,0,0,1,0,1
S1140,train,16,9.0,6.6,50,5,11,79.1,175,3.9,0.86,1,0.39,0.93,4.6,79,0,0,0,0,0,0,1,0,0,1,0,0,0
S1141,train,18,0.0,2.1,24,8,2,53.7,15,3.3,0.62,4,0.29,0.75,7.4,48,0,0,1,0,0,0,0,0,0,1,0,0,1
S1142,train,15,18.0,2.6,26,8,17,84.8,240,5.2,0.86,1,0.4,0.9,6.6,71,0,0,0,0,0,0,0,1,1,0,0,0,0
S1143,test,14,12.0,1.9,4,3,13,76.4,154,5.1,0.83,2,0.3,0.85,5.4,73,0,0,0,1,0,0,0,0,1,0,0,0,0
S1144,test,16,0.0,3.8,41,6,12,61.2,216,0.9,0.62,5,0.24,0.78,6.7,44,0,0,0,0,1,0,0,0,0,0,0,1,1
S1145,train,13,0.0,5.4,58,5,24,89.8,251,4.3,1.0,0,0.29,0.86,6.3,86,0,0,0,0,0,0,0,1,0,1,0,0,0
S1146,train,13,6.0,9.2,102,15,29,85.6,357,4.1,0.87,2,0.15,1.0,7.3,100,0,0,0,0,0,0,0,1,0,0,1,0,0
S1147,test,12,5.0,3.7,34,9,20,71.0,336,3.3,0.68,4,0.11,0.96,7.2,69,0,0,0,1,0,0,0,0,1,0,0,0,0
S1148,test,14,11.0,3.4,45,4,7,76.8,44,4.0,0.95,1,0.34,0.99,6.2,62,0,0,0,0,0,0,1,0,0,0,0,1,0
S1149,train,15,0.0,6.3,47,15,20,73.6,307,4.6,0.79,3,0.11,0.89,7.7,49,0,0,0,0,0,1,0,0,0,0,1,0,0
S1150,train,15,0.0,1.9,28,0,0,0.0,0,4.3,0.67,5,0.26,0.81,6.5,35,0,0,0,0,1,0,0,0,1,0,0,0,1
S1151,train,18,0.0,2.4,30,13,3,86.5,0,0.0,0.82,3,0.32,0.82,5.9,61,0,0,0,0,0,1,0,0,0,1,0,0,0
S1152,train,14,1.0,4.1,37,11,5,74.0,73,5.9,0.85,2,0.28,0.84,5.3,69,0,0,0,0,1,0,0,0,0,0,1,0,0
S1153,train,16,3.0,4.2,46,0,5,68.0,151,4.2,0.73,3,0.22,0.84,5.4,51,1,0,0,0,0,0,0,0,0,1,0,0,0
S1154,train,15,0.0,6.1,40,9,22,81.4,294,3.7,0.95,1,0.31,0.83,6.3,66,0,1,0,0,0,0,0,0,1,0,0,0,0
S1155,train,18,0.0,1.7,17,0,6,63.8,132,1.1,0.76,2,0.39,0.86,5.6,51,0,0,0,0,0,0,1,0,0,1,0,0,1
S1156,train,18,0.0,3.6,37,2,0,0.0,54,3.8,0.95,1,0.12,0.67,6.2,70,0,1,0,0,0,0,0,0,1,0,0,0,0
S1157,train,15,2.0,2.3,22,11,1,57.4,0,0.3,0.7,5,0.28,0.8,6.9,38,0,0,0,0,0,0,1,0,1,0,0,0,1
S1158,train,15,0.0,3.6,40,6,19,84.4,317,5.1,0.83,3,0.43,0.85,5.2,62,0,1,0,0,0,0,0,0,0,0,1,0,0
S1159,train,17,0.0,6.3,65,11,19,89.7,235,7.5,0.95,1,0.12,0.98,7.5,77,0,0,0,0,0,1,0,0,0,1,0,0,0
S1160,train,12,0.0,9.2,75,13,17,76.3,300,4.0,0.9,1,0.3,0.9,5.4,68,1,0,0,0,0,0,0,0,1,0,0,0,0
S1161,train,16,11.0,9.2,90,15,27,80.1,361,7.9,1.0,0,0.13,1.0,6.6,94,0,0,0,0,0,1,0,0,0,1,0,0,0
S1162,train,17,6.0,7.1,61,8,13,71.0,225,0.2,0.88,2,0.33,0.97,6.2,80,0,0,0,0,0,0,0,1,0,0,0,1,0
S1163,train,17,0.0,1.8,26,6,8,67.8,302,1.3,0.88,2,0.21,0.8,6.0,56,1,0,0,0,0,0,0,0,0,1,0,0,0
S1164,train,12,0.0,8.6,83,16,37,96.8,489,5.7,1.0,0,0.12,1.0,7.4,100,0,1,0,0,0,0,0,0,0,1,0,0,0
S1165,train,15,10.0,2.4,31,1,15,59.2,143,0.0,0.76,2,0.31,0.9,5.6,69,0,1,0,0,0,0,0,0,0,0,1,0,0
S1166,test,15,13.0,5.1,68,11,9,84.8,136,7.5,0.87,0,0.26,0.98,6.8,78,0,0,0,0,1,0,0,0,0,1,0,0,0
S1167,train,12,0.0,4.5,52,6,17,71.6,285,5.7,0.83,2,0.26,0.84,7.2,58,1,0,0,0,0,0,0,0,1,0,0,0,0
S1168,train,16,21.0,2.9,10,4,17,50.0,336,0.0,0.63,5,0.44,0.79,5.0,40,0,0,1,0,0,0,0,0,0,0,0,1,1
S1169,train,15,7.0,6.0,47,13,13,80.0,273,4.4,0.87,1,0.13,0.84,6.5,84,0,0,0,0,0,0,0,1,1,0,0,0,0
S1170,train,15,3.0,6.1,58,13,17,79.1,225,5.0,0.85,2,0.21,0.94,6.2,83,0,0,0,0,1,0,0,0,1,0,0,0,0
S1171,train,14,0.0,5.5,55,7,24,69.4,314,0.8,0.84,1,0.08,0.84,6.6,65,0,0,0,0,0,0,1,0,1,0,0,0,0
S1172,train,14,18.0,4.3,42,1,13,58.0,107,0.1,0.74,3,0.39,0.87,6.3,52,0,0,0,0,0,0,1,0,0,0,0,1,1
S1173,train,17,0.0,6.7,63,11,28,80.7,345,5.3,1.0,1,0.22,0.88,5.8,89,0,0,0,1,0,0,0,0,0,0,0,1,0
S1174,train,17,14.0,0.9,16,7,9,61.3,126,1.1,0.57,6,0.32,0.72,5.0,68,0,0,0,1,0,0,0,0,1,0,0,0,1
S1175,train,12,0.0,3.1,23,6,5,68.5,138,1.1,0.66,3,0.38,0.65,6.3,60,0,0,0,1,0,0,0,0,0,0,1,0,1
S1176,train,15,12.0,4.4,45,12,31,89.2,526,4.3,0.88,1,0.41,0.83,4.5,86,0,0,1,0,0,0,0,0,1,0,0,0,0
S1177,test,12,16.0,2.3,19,2,10,74.1,87,7.1,0.73,4,0.2,1.0,6.4,63,0,1,0,0,0,0,0,0,0,0,0,1,0
S1178,train,12,19.0,3.1,38,4,17,63.6,201,1.6,0.81,3,0.46,0.91,4.8,48,0,0,0,0,0,1,0,0,0,1,0,0,1
S1179,train,12,8.0,9.1,87,8,29,77.7,416,3.9,0.98,0,0.05,0.95,6.3,77,0,0,0,0,1,0,0,0,1,0,0,0,0
S1180,test,16,0.0,7.3,60,11,18,72.9,278,6.1,0.94,1,0.36,0.97,6.3,79,0,0,0,0,0,1,0,0,0,0,0,1,0
S1181,train,16,15.0,5.1,40,5,18,91.7,286,6.8,0.83,2,0.24,0.98,7.0,92,0,0,1,0,0,0,0,0,0,0,0,1,0
S1182,train,15,7.0,8.5,96,9,25,85.5,265,2.5,1.0,0,0.26,0.94,7.4,66,0,0,0,0,1,0,0,0,0,0,1,0,0
S1183,train,13,0.0,3.4,38,9,14,66.8,126,1.0,0.72,3,0.5,0.86,5.8,50,0,0,0,0,0,0,0,1,1,0,0,0,1
S1184,train,12,0.0,3.9,43,8,20,78.5,335,5.2,0.81,2,0.14,0.9,7.4,83,0,0,0,1,0,0,0,0,1,0,0,0,0
S1185,test,12,22.0,3.5,29,11,25,73.6,422,7.3,0.91,0,0.4,0.84,5.0,74,0,1,0,0,0,0,0,0,0,0,0,1,0
S1186,test,18,11.0,3.1,26,11,26,78.6,327,4.8,0.86,3,0.24,0.89,5.4,65,0,0,1,0,0,0,0,0,0,1,0,0,0
S1187,train,14,11.0,3.5,16,3,14,78.6,202,4.1,0.74,3,0.42,0.86,6.8,81,0,0,0,0,0,0,1,0,0,0,1,0,0
S1188,test,12,0.0,0.5,11,0,0,0.0,50,0.0,0.6,4,0.54,0.64,5.6,29,1,0,0,0,0,0,0,0,0,0,0,1,1
S1189,train,18,16.0,5.1,48,12,15,72.9,231,1.4,0.84,1,0.27,0.77,6.2,75,0,0,0,0,0,0,0,1,0,0,1,0,0
S1190,test,18,0.0,5.1,58,3,13,85.7,125,1.9,0.78,3,0.05,0.85,6.9,75,0,0,0,0,1,0,0,0,0,1,0,0,0
S1191,train,15,2.0,4.0,49,12,19,65.5,282,2.2,0.8,3,0.33,0.96,6.2,70,0,0,0,0,1,0,0,0,0,0,1,0,0
S1192,train,14,18.0,7.4,71,12,19,73.1,200,3.6,0.88,0,0.31,0.83,5.3,68,0,0,0,0,0,0,0,1,0,0,1,0,0
S1193,train,13,3.0,5.3,53,11,17,67.5,268,4.2,0.82,2,0.31,0.85,6.8,63,0,0,0,0,0,1,0,0,0,0,1,0,0
S1194,train,15,2.0,3.6,43,7,17,90.6,220,2.6,0.99,0,0.25,1.0,5.2,73,0,0,0,0,1,0,0,0,1,0,0,0,0
S1195,test,13,10.0,0.5,3,0,0,0.0,0,0.0,0.63,5,0.33,0.85,6.8,42,0,0,0,1,0,0,0,0,0,0,1,0,1
S1196,train,13,5.0,0.9,16,6,1,54.0,18,2.0,0.66,5,0.29,0.74,6.5,46,0,0,0,0,0,0,1,0,0,1,0,0,1
S1197,train,18,0.0,5.1,33,17,20,77.0,238,6.4,0.94,1,0.1,0.88,7.6,66,0,0,0,0,0,1,0,0,1,0,0,0,0
S1198,train,12,0.0,2.5,28,11,23,75.9,254,3.8,0.89,0,0.12,0.9,6.0,77,0,1,0,0,0,0,0,0,1,0,0,0,0
S1199,train,13,18.0,5.3,48,6,13,77.9,218,2.4,0.76,3,0.38,0.75,5.5,73,0,0,0,0,1,0,0,0,1,0,0,0,1
S1200,train,12,0.0,3.0,29,1,19,89.6,225,2.2,0.92,1,0.24,0.76,6.9,70,0,1,0,0,0,0,0,0,0,0,0,1,0
S1201,train,12,0.0,6.0,48,8,18,87.7,330,3.6,0.82,2,0.05,1.0,7.3,69,0,0,0,0,0,0,1,0,1,0,0,0,0
S1202,train,12,0.0,5.9,49,6,13,61.2,249,4.0,0.9,2,0.3,0.83,5.6,58,0,0,0,0,0,1,0,0,0,0,0,1,1
S1203,train,18,11.0,5.2,44,4,15,88.1,261,1.4,0.8,2,0.21,0.82,4.8,60,0,0,0,0,1,0,0,0,1,0,0,0,0
S1204,train,18,0.0,5.3,49,6,15,78.8,128,2.9,0.79,1,0.29,0.82,6.9,65,0,1,0,0,0,0,0,0,1,0,0,0,0
S1205,train,18,0.0,6.3,52,16,21,92.7,330,4.9,0.79,1,0.23,0.85,7.1,87,0,0,0,0,0,0,1,0,1,0,0,0,0
S1206,test,14,10.0,5.5,39,3,8,79.0,59,2.5,0.8,2,0.43,0.91,6.8,67,0,0,0,0,1,0,0,0,1,0,0,0,1
S1207,train,18,0.0,7.1,83,11,15,74.7,271,3.6,0.83,1,0.29,0.96,7.0,78,0,0,0,0,0,0,0,1,0,0,1,0,0
S1208,train,18,0.0,3.7,40,14,25,80.6,289,4.7,1.0,0,0.17,0.82,6.2,63,0,0,0,0,0,1,0,0,0,1,0,0,0
S1209,train,14,0.0,5.6,45,12,14,84.9,180,3.0,0.91,1,0.19,0.81,6.2,74,0,0,0,0,1,0,0,0,0,1,0,0,0
S1210,train,15,5.0,1.8,14,10,8,68.3,153,0.3,0.77,4,0.24,0.75,5.2,63,0,0,0,0,0,0,0,1,0,0,1,0,0
S1211,train,15,16.0,5.5,51,5,10,70.1,109,4.6,0.78,2,0.45,0.83,6.5,68,0,0,0,1,0,0,0,0,0,0,0,1,0
S1212,train,13,0.0,7.3,72,13,21,89.2,270,5.7,1.0,1,0.07,0.9,5.5,81,0,0,0,0,0,0,0,1,0,0,1,0,0
S1213,train,16,34.0,4.5,34,0,6,62.4,92,2.9,0.76,3,0.41,0.81,4.6,52,0,0,0,0,1,0,0,0,0,1,0,0,1
S1214,test,15,12.0,4.2,33,3,11,74.6,144,4.9,0.85,1,0.35,0.99,4.9,59,0,0,0,0,0,1,0,0,0,0,0,1,0
S1215,train,14,0.0,4.4,47,11,9,80.1,141,4.0,0.78,3,0.12,1.0,6.7,85,0,0,1,0,0,0,0,0,0,1,0,0,0
S1216,train,16,6.0,2.6,46,9,13,76.8,195,1.2,0.82,3,0.22,0.74,6.6,62,0,0,0,1,0,0,0,0,0,0,0,1,0
S1217,train,15,11.0,3.7,41,10,6,66.5,8,2.1,0.66,5,0.18,0.83,5.1,62,0,0,1,0,0,0,0,0,1,0,0,0,0
S1218,train,12,6.0,2.2,21,4,6,60.5,227,0.9,0.69,3,0.41,0.7,6.2,33,0,0,1,0,0,0,0,0,1,0,0,0,1
S1219,train,15,0.0,3.3,20,7,0,0.0,69,1.1,0.86,1,0.17,0.74,6.2,66,0,0,0,0,0,1,0,0,0,0,1,0,1
S1220,train,12,9.0,3.1,34,2,9,65.3,157,1.9,0.66,5,0.23,0.79,5.8,49,0,0,1,0,0,0,0,0,0,0,0,1,1
S1221,train,15,2.0,4.3,32,1,10,64.6,99,0.1,0.71,3,0.38,0.91,7.0,48,0,0,0,0,0,0,0,1,0,0,1,0,1
S1222,train,14,2.0,1.2,19,7,8,61.9,171,3.6,0.73,3,0.09,0.89,6.6,52,1,0,0,0,0,0,0,0,0,0,0,1,1
S1223,test,12,0.0,2.9,26,12,10,68.7,113,2.3,0.69,5,0.22,0.8,6.7,56,0,0,0,0,0,1,0,0,1,0,0,0,0
S1224,test,12,8.0,5.0,41,16,16,65.9,229,3.3,0.83,2,0.26,0.8,6.4,70,0,0,0,1,0,0,0,0,0,0,0,1,0
S1225,train,12,2.0,3.9,47,10,16,72.0,212,1.8,0.73,3,0.27,0.76,6.9,65,0,0,0,1,0,0,0,0,1,0,0,0,1
S1226,test,16,5.0,1.2,10,0,6,57.0,97,0.0,0.82,2,0.27,0.86,6.5,50,0,0,0,0,0,0,1,0,0,1,0,0,0
S1227,train,17,0.0,5.0,42,6,16,73.5,328,1.0,0.87,2,0.35,0.79,6.6,62,0,0,0,0,0,0,0,1,0,0,0,1,1
S1228,train,14,0.0,2.0,19,4,4,55.5,33,1.3,0.68,5,0.21,0.68,6.3,66,0,0,1,0,0,0,0,0,0,1,0,0,0
S1229,train,15,24.0,4.2,58,5,15,83.9,291,4.4,0.8,2,0.41,0.9,4.2,69,0,0,0,0,0,0,1,0,1,0,0,0,0
S1230,train,17,21.0,4.2,43,8,20,74.9,310,1.7,0.94,1,0.39,0.82,4.8,57,0,1,0,0,0,0,0,0,1,0,0,0,1
S1231,train,14,0.0,6.6,64,10,20,93.9,230,9.1,0.94,1,0.08,0.85,6.7,72,0,0,0,0,0,1,0,0,1,0,0,0,0
S1232,test,15,5.0,8.1,62,11,25,85.8,489,4.8,0.98,1,0.26,1.0,7.2,90,0,0,0,1,0,0,0,0,0,0,1,0,0
S1233,train,16,0.0,9.0,98,16,19,79.5,312,4.0,0.99,0,0.09,0.95,6.5,77,0,0,0,0,0,0,0,1,1,0,0,0,0
S1234,train,15,21.0,7.3,58,9,14,92.6,110,4.7,0.9,1,0.19,1.0,4.6,88,0,1,0,0,0,0,0,0,0,0,0,1,0
S1235,train,18,2.0,3.3,32,8,9,65.9,107,0.0,0.66,5,0.28,0.84,7.4,54,0,1,0,0,0,0,0,0,0,0,0,1,1
S1236,train,12,4.0,3.8,34,8,18,91.1,201,4.2,0.86,2,0.15,1.0,7.0,77,0,0,0,0,1,0,0,0,1,0,0,0,0
S1237,train,12,35.0,2.1,20,11,21,66.7,245,3.9,0.66,4,0.36,0.91,5.1,72,0,0,0,0,0,0,1,0,1,0,0,0,0
S1238,train,18,13.0,5.3,50,16,13,79.7,135,5.3,0.86,1,0.06,0.89,6.2,84,1,0,0,0,0,0,0,0,0,0,0,1,0
S1239,train,15,13.0,4.9,34,12,27,90.6,382,6.8,0.91,0,0.1,0.85,5.3,97,0,0,1,0,0,0,0,0,0,0,0,1,0
S1240,train,14,12.0,7.5,69,15,22,100.0,319,7.5,1.0,0,0.1,0.86,6.2,97,0,0,0,0,1,0,0,0,0,0,1,0,0
S1241,train,18,28.0,4.5,34,14,18,76.2,297,4.5,0.8,2,0.36,0.93,6.2,73,0,0,0,0,1,0,0,0,0,0,1,0,1
S1242,train,18,24.0,5.3,39,12,24,75.3,340,3.4,0.81,2,0.34,0.93,5.7,82,1,0,0,0,0,0,0,0,0,1,0,0,0
S1243,train,17,19.0,3.5,31,14,3,68.4,46,4.2,0.71,4,0.35,0.79,5.9,61,0,0,0,1,0,0,0,0,1,0,0,0,0
S1244,train,12,0.0,4.1,47,8,11,77.5,243,2.2,0.7,3,0.47,0.8,6.8,66,0,0,0,1,0,0,0,0,0,0,0,1,0
S1245,train,15,3.0,3.8,38,10,11,84.2,116,3.7,0.85,3,0.08,0.93,7.3,67,0,0,0,0,0,1,0,0,1,0,0,0,0
S1246,train,17,0.0,4.0,31,4,13,79.5,213,3.5,0.74,1,0.24,0.77,7.4,70,0,0,0,0,0,0,0,1,0,0,1,0,0
S1247,test,15,31.0,1.0,17,5,0,0.0,63,0.0,0.68,3,0.46,0.81,5.7,49,0,0,0,0,0,1,0,0,1,0,0,0,1
S1248,train,16,4.0,3.5,47,16,10,72.7,204,4.6,0.9,1,0.15,0.94,6.5,89,0,0,1,0,0,0,0,0,0,0,0,1,0
S1249,train,17,0.0,5.9,44,11,7,68.6,54,0.4,0.96,1,0.09,0.87,7.2,63,1,0,0,0,0,0,0,0,1,0,0,0,0
S1250,train,16,15.0,3.9,25,6,19,69.3,243,5.8,0.78,2,0.27,1.0,6.2,68,0,0,0,1,0,0,0,0,1,0,0,0,0
S1251,train,14,6.0,2.6,39,7,4,79.0,53,2.5,0.81,3,0.23,0.87,7.1,48,0,0,0,0,0,0,1,0,0,0,1,0,0
S1252,train,16,6.0,7.8,68,5,11,66.8,197,5.3,0.87,3,0.39,0.88,5.6,67,0,0,0,1,0,0,0,0,0,0,0,1,0
S1253,train,18,8.0,3.5,40,9,13,71.0,248,3.7,0.81,2,0.23,0.87,5.6,62,0,0,1,0,0,0,0,0,0,0,0,1,0
S1254,train,15,0.0,4.8,39,7,4,68.6,50,4.7,0.92,0,0.2,0.71,7.9,72,1,0,0,0,0,0,0,0,0,1,0,0,0
S1255,train,14,0.0,4.2,42,2,3,76.3,131,0.0,0.81,2,0.45,0.82,6.5,59,0,0,1,0,0,0,0,0,0,0,0,1,0
S1256,test,15,23.0,4.7,49,6,11,88.6,192,3.2,0.85,2,0.17,0.86,5.1,82,0,0,0,0,1,0,0,0,0,0,1,0,0
S1257,train,13,35.0,8.5,69,13,28,96.4,351,7.4,0.88,0,0.26,1.0,4.2,76,0,0,0,1,0,0,0,0,0,1,0,0,0
S1258,test,14,0.0,9.9,103,12,20,96.7,336,3.7,0.96,0,0.3,0.93,6.1,81,0,0,0,0,0,0,1,0,1,0,0,0,0
S1259,train,14,4.0,2.2,15,8,13,77.3,80,0.7,0.7,3,0.35,0.77,6.5,64,0,0,0,0,1,0,0,0,0,0,0,1,1
S1260,train,17,0.0,9.4,88,6,14,89.2,190,7.5,0.81,2,0.19,0.85,5.9,70,1,0,0,0,0,0,0,0,1,0,0,0,0
S1261,train,16,5.0,0.5,3,7,4,46.6,0,0.0,0.71,4,0.47,0.75,6.3,47,0,1,0,0,0,0,0,0,0,0,0,1,1
S1262,train,17,2.0,0.5,8,0,3,64.7,51,0.0,0.72,4,0.19,0.86,6.7,51,0,0,0,0,0,0,1,0,0,0,0,1,1
S1263,test,12,19.0,5.2,53,16,21,60.0,358,3.0,0.78,3,0.27,0.92,6.2,68,0,0,0,0,0,1,0,0,0,1,0,0,0
S1264,train,13,12.0,4.9,39,1,10,76.8,184,2.3,0.89,3,0.21,0.89,5.6,62,0,0,0,0,1,0,0,0,1,0,0,0,0
S1265,train,18,13.0,0.7,16,3,11,63.5,19,2.3,0.62,5,0.36,0.84,6.1,60,0,0,0,1,0,0,0,0,0,0,0,1,0
S1266,train,15,12.0,0.5,3,1,1,57.8,34,0.0,0.72,3,0.38,0.74,5.1,27,0,0,0,0,0,0,1,0,0,0,0,1,1
S1267,test,18,0.0,1.0,13,2,7,69.4,138,1.0,0.82,2,0.26,0.71,5.9,47,0,0,0,0,0,0,1,0,0,0,1,0,1
S1268,train,14,0.0,2.4,28,16,11,55.4,204,2.1,0.91,1,0.32,0.8,6.4,66,0,0,0,0,0,1,0,0,0,1,0,0,0
S1269,train,13,0.0,4.7,41,5,12,74.8,209,2.7,0.92,1,0.26,1.0,6.2,60,0,0,0,0,0,0,0,1,1,0,0,0,0
S1270,train,15,2.0,4.7,44,18,25,82.8,400,5.9,0.89,2,0.25,0.84,5.0,90,0,0,0,0,1,0,0,0,0,1,0,0,0
S1271,train,13,17.0,8.9,91,0,21,89.4,213,4.8,0.85,4,0.3,0.88,6.4,85,1,0,0,0,0,0,0,0,1,0,0,0,0
S1272,train,14,0.0,5.7,42,0,12,72.5,166,0.9,1.0,0,0.1,0.87,6.9,62,0,0,0,1,0,0,0,0,0,1,0,0,0
S1273,train,15,0.0,5.1,46,10,20,69.2,244,5.3,1.0,1,0.19,0.83,7.5,78,1,0,0,0,0,0,0,0,1,0,0,0,0
S1274,test,16,0.0,4.1,56,3,12,86.6,166,2.3,0.84,2,0.23,0.87,6.3,64,0,1,0,0,0,0,0,0,1,0,0,0,1
S1275,test,15,3.0,5.7,49,0,13,70.6,198,2.7,0.8,2,0.37,0.88,5.8,58,0,0,1,0,0,0,0,0,0,0,1,0,1
S1276,train,15,0.0,5.4,64,5,7,74.2,49,2.4,0.83,3,0.08,0.92,5.3,65,0,0,0,0,0,1,0,0,0,0,1,0,1
S1277,test,15,0.0,4.1,49,8,22,98.0,280,4.9,0.92,1,0.24,0.94,5.5,74,0,1,0,0,0,0,0,0,0,0,0,1,0
S1278,train,18,14.0,2.2,30,2,7,54.2,133,0.9,0.89,1,0.48,0.92,5.8,42,0,0,0,0,1,0,0,0,1,0,0,0,1
S1279,test,18,0.0,7.3,77,9,18,76.5,221,4.8,0.98,0,0.13,0.91,5.6,77,0,0,0,0,0,0,0,1,1,0,0,0,0
S1280,train,15,8.0,7.1,66,12,23,91.2,298,5.9,0.87,1,0.26,0.98,5.4,92,0,1,0,0,0,0,0,0,1,0,0,0,0
S1281,train,15,0.0,6.1,60,10,15,75.6,216,1.8,0.82,2,0.23,0.79,7.0,66,0,0,0,1,0,0,0,0,0,0,0,1,0
S1282,train,12,0.0,4.4,54,12,10,73.3,218,7.8,0.86,2,0.29,0.82,6.4,62,0,0,0,0,1,0,0,0,1,0,0,0,0
S1283,test,16,0.0,0.5,3,4,0,0.0,0,0.0,0.67,4,0.43,0.88,6.5,50,0,0,0,0,0,0,0,1,0,0,0,1,0
S1284,train,16,9.0,9.9,104,9,30,82.2,329,8.1,0.95,0,0.19,1.0,6.4,97,0,0,0,1,0,0,0,0,1,0,0,0,0
S1285,test,12,0.0,4.8,43,7,14,77.8,142,5.0,0.94,0,0.37,0.8,6.5,80,0,0,0,0,0,0,0,1,1,0,0,0,0
S1286,train,12,24.0,2.8,41,6,18,75.3,261,2.9,0.75,5,0.26,0.97,6.1,64,0,0,0,0,0,1,0,0,0,0,1,0,1
S1287,train,12,29.0,3.4,46,11,18,65.8,153,2.8,0.64,4,0.46,0.84,5.4,71,0,0,0,0,1,0,0,0,0,1,0,0,1
S1288,train,15,22.0,2.0,25,5,17,79.3,189,5.4,0.91,1,0.54,0.87,5.3,76,0,0,0,0,1,0,0,0,0,1,0,0,0
S1289,train,15,7.0,2.8,35,10,12,70.2,118,4.8,0.75,4,0.29,0.88,6.2,53,0,0,0,1,0,0,0,0,0,1,0,0,0
S1290,train,12,19.0,2.3,17,3,20,59.0,396,1.1,0.87,2,0.28,0.93,5.5,65,0,0,1,0,0,0,0,0,1,0,0,0,0
S1291,train,18,1.0,1.8,23,5,10,72.8,188,5.8,0.72,4,0.28,0.8,7.0,58,0,0,0,0,1,0,0,0,0,1,0,0,1
S1292,train,12,0.0,3.9,41,8,22,68.1,261,4.9,0.94,0,0.12,0.7,7.3,57,0,0,0,1,0,0,0,0,0,0,1,0,0
S1293,train,13,17.0,0.5,12,8,15,72.2,156,0.4,0.74,3,0.23,0.83,6.0,49,0,1,0,0,0,0,0,0,0,0,1,0,1
S1294,test,16,0.0,7.4,82,15,20,79.9,207,7.0,0.88,2,0.4,0.88,6.2,95,1,0,0,0,0,0,0,0,0,0,0,1,0
S1295,train,16,17.0,4.3,40,7,11,64.7,160,4.4,0.82,3,0.27,0.81,5.8,65,0,0,1,0,0,0,0,0,0,0,1,0,0
S1296,test,17,3.0,5.0,42,6,14,70.7,193,2.6,0.8,1,0.35,0.9,6.0,72,0,0,1,0,0,0,0,0,0,1,0,0,0
S1297,test,18,0.0,9.0,84,20,36,83.7,419,12.1,1.0,1,0.17,1.0,5.8,95,0,0,0,0,0,0,0,1,1,0,0,0,0
S1298,test,18,7.0,3.7,37,8,12,82.3,189,4.3,0.99,0,0.33,1.0,6.0,82,0,0,0,1,0,0,0,0,0,0,0,1,0
S1299,train,15,2.0,0.9,6,10,8,81.4,177,5.1,0.82,3,0.09,0.83,4.7,71,1,0,0,0,0,0,0,0,1,0,0,0,0
S1300,train,15,0.0,3.7,38,9,13,79.9,213,2.6,0.8,3,0.18,0.87,6.3,72,0,0,0,0,1,0,0,0,1,0,0,0,0
S1301,test,12,5.0,1.8,21,3,0,0.0,2,0.0,0.82,3,0.37,0.74,4.5,49,0,0,0,0,0,1,0,0,0,0,0,1,1
S1302,train,15,0.0,6.9,63,8,15,67.6,293,6.7,1.0,1,0.19,0.93,6.7,74,0,0,0,1,0,0,0,0,0,1,0,0,0
S1303,train,14,0.0,8.8,94,16,26,81.4,384,6.8,0.92,1,0.18,0.95,6.1,84,0,0,0,1,0,0,0,0,1,0,0,0,0
S1304,train,12,0.0,4.5,35,9,16,66.6,240,8.1,0.9,0,0.22,0.95,5.6,68,0,0,0,0,0,0,1,0,1,0,0,0,0
S1305,train,15,23.0,6.2,64,9,29,94.1,451,8.7,0.97,1,0.12,1.0,6.3,81,0,0,0,1,0,0,0,0,0,0,0,1,0
S1306,train,12,2.0,3.2,33,2,5,68.7,0,3.8,0.77,3,0.29,0.85,7.0,43,0,0,0,0,0,1,0,0,1,0,0,0,1
S1307,train,15,10.0,0.5,3,7,0,0.0,91,2.1,0.6,3,0.36,0.72,6.2,50,0,0,0,0,1,0,0,0,0,1,0,0,1
S1308,train,18,0.0,4.1,43,14,16,73.2,235,4.6,0.84,2,0.11,0.75,6.9,67,0,1,0,0,0,0,0,0,1,0,0,0,0
S1309,train,15,0.0,1.2,3,4,0,0.0,0,2.4,0.87,3,0.29,0.65,5.7,51,0,0,0,0,0,0,0,1,0,0,0,1,0
S1310,train,16,0.0,3.9,40,6,14,69.7,239,3.7,0.76,3,0.16,0.81,5.7,53,0,0,0,0,0,1,0,0,0,0,1,0,0
S1311,train,12,17.0,4.7,48,13,10,87.6,77,2.4,0.91,1,0.42,0.94,5.1,80,0,0,0,1,0,0,0,0,0,0,1,0,0
S1312,train,14,0.0,1.4,13,3,2,78.0,0,1.0,0.78,3,0.15,0.73,6.0,50,1,0,0,0,0,0,0,0,1,0,0,0,1
S1313,train,12,5.0,2.4,22,3,14,72.2,221,2.1,0.87,2,0.19,0.83,7.2,71,1,0,0,0,0,0,0,0,1,0,0,0,0
S1314,train,14,8.0,6.4,52,11,8,64.5,143,4.7,0.93,1,0.31,0.97,6.4,80,0,0,0,0,0,0,0,1,1,0,0,0,0
S1315,train,12,0.0,4.4,31,5,8,65.5,34,0.2,0.77,4,0.21,0.78,5.4,49,0,0,0,0,1,0,0,0,0,0,0,1,1
S1316,train,15,0.0,2.3,12,10,11,69.1,145,0.4,0.66,4,0.48,0.81,6.0,56,0,0,0,1,0,0,0,0,1,0,0,0,1
S1317,train,16,0.0,4.6,41,9,8,79.5,59,4.9,0.81,4,0.24,0.84,6.7,67,0,0,0,0,0,1,0,0,0,1,0,0,0
S1318,test,16,18.0,6.2,45,14,22,73.3,284,7.4,0.81,1,0.27,0.93,4.4,70,1,0,0,0,0,0,0,0,0,0,0,1,0
S1319,train,18,0.0,1.9,12,4,14,79.8,135,1.0,0.86,1,0.33,0.95,5.5,53,0,1,0,0,0,0,0,0,1,0,0,0,0
S1320,train,18,0.0,3.1,36,8,9,63.8,172,1.7,0.75,4,0.55,0.78,6.9,40,0,0,0,0,0,0,1,0,1,0,0,0,1
S1321,train,16,3.0,5.3,46,6,11,69.3,166,3.9,0.76,2,0.32,0.93,5.3,64,1,0,0,0,0,0,0,0,1,0,0,0,0
S1322,train,16,0.0,3.8,25,13,22,71.4,247,3.8,0.84,3,0.29,0.72,5.4,79,0,1,0,0,0,0,0,0,0,1,0,0,0
S1323,train,15,2.0,2.4,33,12,5,64.8,95,3.9,0.82,2,0.4,0.81,4.7,68,0,0,0,0,0,1,0,0,1,0,0,0,0
S1324,train,12,17.0,0.5,3,6,14,87.3,196,4.2,0.71,4,0.32,0.82,5.9,71,0,0,0,0,1,0,0,0,1,0,0,0,0
S1325,train,16,0.0,4.2,31,6,11,80.7,151,0.4,0.87,1,0.44,0.87,6.4,52,0,0,0,0,0,0,0,1,0,1,0,0,1
S1326,train,15,7.0,1.9,10,0,7,63.3,13,0.0,0.66,6,0.42,0.8,4.9,39,0,0,0,0,0,0,0,1,1,0,0,0,1
S1327,test,18,0.0,7.0,74,15,15,79.0,143,3.8,1.0,1,0.24,0.92,6.8,69,0,0,0,0,0,0,1,0,0,1,0,0,0
S1328,train,13,0.0,3.8,36,14,7,63.0,82,5.5,0.66,4,0.18,0.87,5.7,51,0,1,0,0,0,0,0,0,1,0,0,0,1
S1329,train,18,21.0,5.4,50,18,27,71.1,323,6.3,0.93,1,0.27,0.98,5.7,74,1,0,0,0,0,0,0,0,0,1,0,0,0
S1330,train,13,9.0,3.8,40,1,10,73.5,112,0.0,0.81,0,0.33,0.8,6.4,66,0,0,0,0,0,0,0,1,0,0,0,1,0
S1331,train,12,0.0,5.7,53,9,13,98.2,213,2.2,0.82,2,0.08,0.92,5.9,85,0,0,1,0,0,0,0,0,1,0,0,0,0
S1332,train,15,12.0,3.0,30,6,6,73.3,126,3.9,0.8,2,0.16,0.94,4.6,62,0,0,0,0,1,0,0,0,0,1,0,0,0
S1333,test,14,0.0,2.5,16,5,8,64.4,103,2.0,0.77,3,0.16,0.82,5.6,59,0,0,0,0,1,0,0,0,1,0,0,0,0
S1334,train,15,0.0,5.2,51,3,6,53.3,61,1.5,0.75,4,0.4,0.8,6.3,34,0,0,0,0,0,1,0,0,0,1,0,0,1
S1335,train,14,0.0,4.4,33,6,2,58.7,0,4.5,0.78,4,0.25,0.87,5.7,59,0,1,0,0,0,0,0,0,0,0,1,0,0
S1336,test,13,9.0,2.9,28,1,8,76.8,106,4.4,0.85,1,0.11,0.9,7.4,73,0,0,0,0,0,0,1,0,1,0,0,0,0
S1337,train,17,20.0,1.9,4,6,0,0.0,0,0.0,0.59,5,0.28,0.82,6.2,55,0,0,0,0,1,0,0,0,0,0,0,1,1
S1338,train,17,22.0,2.6,26,10,12,66.5,143,3.2,0.8,2,0.41,0.75,6.4,62,0,0,1,0,0,0,0,0,0,1,0,0,1
S1339,train,14,0.0,0.5,14,0,0,0.0,34,0.0,0.66,3,0.31,0.59,7.1,32,0,0,0,0,0,1,0,0,1,0,0,0,1
S1340,train,14,7.0,5.5,55,3,6,69.3,5,0.2,0.89,1,0.2,0.77,5.8,63,0,0,1,0,0,0,0,0,0,0,0,1,1
S1341,train,16,2.0,3.6,33,5,17,77.8,277,0.6,0.78,3,0.27,0.98,6.2,66,0,0,0,1,0,0,0,0,1,0,0,0,0
S1342,train,15,14.0,7.0,65,7,25,84.6,288,1.0,0.8,2,0.3,0.86,6.2,63,0,0,0,0,1,0,0,0,0,0,0,1,0
S1343,train,16,0.0,4.4,39,7,12,83.5,81,8.6,0.87,2,0.13,0.83,7.4,58,0,0,0,0,0,1,0,0,1,0,0,0,0
S1344,train,18,7.0,3.5,13,5,5,74.5,14,2.8,0.79,3,0.11,0.86,6.8,67,0,0,1,0,0,0,0,0,0,1,0,0,0
S1345,train,17,4.0,5.7,61,16,21,64.8,227,0.0,0.88,2,0.38,0.94,5.4,61,1,0,0,0,0,0,0,0,0,1,0,0,1
S1346,train,15,0.0,3.6,38,8,8,63.1,104,6.4,0.95,2,0.19,0.9,6.4,65,0,0,0,0,0,0,1,0,0,1,0,0,0
S1347,test,16,0.0,3.0,20,7,1,81.2,119,2.5,0.82,2,0.31,0.86,7.0,56,0,0,1,0,0,0,0,0,0,0,1,0,1
S1348,train,13,0.0,1.3,11,4,4,63.3,153,0.0,0.68,5,0.37,0.69,4.0,47,0,0,0,0,1,0,0,0,0,0,1,0,1
S1349,train,17,14.0,7.8,83,12,19,84.3,246,6.9,0.89,0,0.22,0.87,6.6,81,0,0,0,0,1,0,0,0,1,0,0,0,0
S1350,train,13,0.0,1.6,5,1,0,0.0,0,0.0,0.86,1,0.35,0.86,7.0,55,0,0,0,0,0,0,1,0,0,1,0,0,0
S1351,test,15,0.0,7.9,74,10,18,89.5,327,5.1,0.94,0,0.19,0.95,6.4,91,0,0,0,0,0,0,0,1,0,0,0,1,0
S1352,test,15,0.0,5.9,60,13,23,86.6,379,4.0,0.96,0,0.19,0.94,7.8,79,0,0,0,0,0,1,0,0,1,0,0,0,0
S1353,train,14,0.0,6.7,57,12,17,82.3,187,4.0,0.89,1,0.29,0.97,6.5,68,0,0,0,0,0,0,1,0,0,0,1,0,0
S1354,train,17,5.0,8.2,81,6,19,73.9,296,5.3,0.89,2,0.14,0.96,6.1,73,1,0,0,0,0,0,0,0,0,0,0,1,0
S1355,train,15,0.0,7.4,62,17,23,81.5,339,5.8,1.0,0,0.11,1.0,7.9,93,0,0,0,1,0,0,0,0,0,0,0,1,0
S1356,train,18,15.0,1.0,19,8,0,0.0,65,1.0,0.78,2,0.31,0.75,7.0,50,0,0,0,0,0,1,0,0,1,0,0,0,1
S1357,train,14,7.0,6.5,58,6,6,80.5,237,3.1,0.81,4,0.21,0.79,6.7,47,0,0,0,0,0,0,1,0,0,1,0,0,0
S1358,train,16,0.0,6.0,49,8,20,88.6,271,2.2,0.72,4,0.0,0.89,7.4,75,0,0,0,0,0,0,1,0,0,0,1,0,0
S1359,train,13,0.0,4.3,43,8,5,62.5,113,0.6,0.95,1,0.12,0.73,6.3,54,0,1,0,0,0,0,0,0,0,1,0,0,1
S1360,train,13,14.0,9.1,71,12,22,91.8,312,5.9,0.89,1,0.25,1.0,5.5,86,0,0,0,0,0,0,1,0,0,1,0,0,0
S1361,train,15,11.0,2.7,24,0,0,0.0,11,1.2,0.77,3,0.21,0.86,5.5,66,0,1,0,0,0,0,0,0,1,0,0,0,0
S1362,train,18,0.0,4.7,42,2,0,0.0,0,1.2,0.79,3,0.21,0.87,7.6,53,0,0,0,0,1,0,0,0,1,0,0,0,1
S1363,test,15,0.0,7.7,88,19,19,72.5,247,2.6,0.91,1,0.27,0.91,6.1,62,0,0,1,0,0,0,0,0,0,0,0,1,0
S1364,train,15,12.0,5.1,53,7,15,90.3,240,6.2,0.91,2,0.09,0.9,7.3,70,0,0,1,0,0,0,0,0,0,1,0,0,0
S1365,train,18,0.0,4.8,54,5,9,69.1,76,3.2,0.78,3,0.48,0.83,6.1,65,0,0,0,0,1,0,0,0,1,0,0,0,0
S1366,train,13,0.0,2.8,20,14,15,78.3,232,0.8,0.9,2,0.44,0.78,7.3,80,1,0,0,0,0,0,0,0,1,0,0,0,0
S1367,train,17,0.0,7.6,62,7,13,77.4,199,5.4,0.82,2,0.0,0.96,8.1,74,0,0,0,1,0,0,0,0,0,0,1,0,0
S1368,train,16,2.0,2.2,8,1,16,75.9,212,2.4,0.83,3,0.49,0.72,5.4,41,0,1,0,0,0,0,0,0,1,0,0,0,1
S1369,train,16,5.0,0.9,14,2,5,64.4,192,1.9,0.84,1,0.4,0.66,5.2,61,0,0,0,0,0,0,1,0,0,1,0,0,1
S1370,train,14,8.0,2.8,18,7,12,80.1,226,2.8,0.87,1,0.42,0.84,5.8,55,0,0,0,0,0,1,0,0,0,0,0,1,0
S1371,train,17,0.0,3.0,18,3,11,64.8,201,0.2,0.92,0,0.12,0.88,6.9,62,1,0,0,0,0,0,0,0,0,0,1,0,0
S1372,train,18,4.0,5.3,58,11,23,83.8,387,0.1,0.85,3,0.24,0.67,6.0,53,0,0,1,0,0,0,0,0,1,0,0,0,1
S1373,test,14,0.0,7.6,79,18,25,77.2,358,5.8,1.0,1,0.17,0.96,7.4,78,0,0,0,0,0,1,0,0,0,1,0,0,0
S1374,train,15,7.0,5.6,49,17,18,87.6,230,6.0,0.85,2,0.2,0.78,6.4,65,0,0,0,0,0,0,1,0,0,0,1,0,0
S1375,test,16,10.0,5.0,44,13,12,63.1,203,5.6,0.92,2,0.32,0.86,5.3,78,0,1,0,0,0,0,0,0,0,1,0,0,0
S1376,test,15,12.0,2.7,24,6,13,70.1,201,3.4,0.78,3,0.31,0.8,5.7,51,0,1,0,0,0,0,0,0,0,0,0,1,0
S1377,train,13,0.0,2.0,12,4,19,89.4,312,3.2,0.97,0,0.32,0.95,5.0,78,0,0,0,0,0,1,0,0,0,0,1,0,0
S1378,train,17,3.0,4.3,33,6,11,78.2,166,1.3,0.94,0,0.07,0.92,7.1,71,0,0,0,0,0,1,0,0,0,1,0,0,0
S1379,test,16,24.0,3.8,37,20,24,66.8,323,5.5,0.88,1,0.38,0.99,3.5,66,0,0,0,0,0,1,0,0,0,1,0,0,0
S1380,train,15,6.0,8.9,83,12,14,85.9,169,5.0,1.0,0,0.28,0.92,6.6,80,0,0,0,0,0,0,0,1,1,0,0,0,0
S1381,train,15,0.0,0.5,3,8,16,80.6,155,2.3,0.83,3,0.46,0.81,6.2,62,0,0,0,0,1,0,0,0,0,1,0,0,0
S1382,train,15,0.0,3.1,37,0,4,66.4,0,0.0,0.54,7,0.18,0.67,6.5,50,0,0,0,0,0,1,0,0,0,0,1,0,1
S1383,test,14,0.0,4.7,60,13,19,69.7,340,2.1,0.73,3,0.05,0.87,6.0,76,0,0,1,0,0,0,0,0,0,1,0,0,0
S1384,train,15,7.0,4.9,38,9,13,75.5,185,0.0,0.78,2,0.19,0.85,5.3,73,0,0,0,0,1,0,0,0,0,0,0,1,0
S1385,train,12,0.0,4.8,43,6,11,87.6,170,0.4,0.78,2,0.3,0.91,7.9,70,0,0,0,1,0,0,0,0,0,0,1,0,0
S1386,train,14,26.0,1.6,3,10,14,81.3,154,1.5,0.61,6,0.32,0.85,4.4,63,0,0,0,0,1,0,0,0,1,0,0,0,1
S1387,test,17,0.0,3.2,38,9,9,57.8,91,0.8,0.83,1,0.44,0.82,5.3,64,0,0,0,0,1,0,0,0,0,0,0,1,1
S1388,test,12,22.0,7.2,56,1,6,84.9,113,3.4,0.83,2,0.19,0.85,6.0,64,0,0,0,0,0,0,1,0,0,0,1,0,0
S1389,train,16,0.0,4.6,43,13,21,63.0,304,4.5,0.9,2,0.27,0.96,6.8,64,0,0,0,0,0,0,0,1,0,1,0,0,0
S1390,train,16,4.0,7.4,74,13,23,70.2,409,6.1,1.0,0,0.21,0.91,7.1,76,0,0,0,0,1,0,0,0,1,0,0,0,0
S1391,train,16,13.0,0.5,11,0,6,59.7,0,0.0,0.66,3,0.54,0.7,6.2,59,0,1,0,0,0,0,0,0,0,0,0,1,0
S1392,train,12,0.0,1.6,5,1,0,0.0,7,0.0,0.71,4,0.38,0.69,6.6,56,1,0,0,0,0,0,0,0,0,0,1,0,1
S1393,train,17,9.0,8.1,69,10,26,93.8,383,5.6,0.85,2,0.13,0.87,7.1,69,0,0,1,0,0,0,0,0,0,0,1,0,0
S1394,train,14,0.0,6.4,57,15,16,78.4,192,7.2,0.89,2,0.0,0.92,6.6,60,0,0,0,0,0,1,0,0,1,0,0,0,0
S1395,train,13,10.0,2.7,12,13,19,69.0,302,3.6,0.86,1,0.23,0.91,7.5,74,0,0,0,0,1,0,0,0,1,0,0,0,0
S1396,train,12,22.0,0.5,3,7,14,78.9,173,0.0,0.76,2,0.55,0.81,5.6,57,0,0,0,1,0,0,0,0,1,0,0,0,0
S1397,train,15,0.0,2.9,31,7,11,55.9,154,0.0,0.78,3,0.22,0.83,6.8,57,1,0,0,0,0,0,0,0,1,0,0,0,0
S1398,test,16,2.0,5.2,56,10,11,79.4,258,5.8,0.7,3,0.35,0.93,5.3,53,0,0,0,0,1,0,0,0,1,0,0,0,0
S1399,test,15,29.0,3.9,26,8,13,73.1,115,0.0,0.74,3,0.51,0.82,4.7,60,1,0,0,0,0,0,0,0,1,0,0,0,1
S1400,train,18,2.0,1.1,3,8,0,0.0,27,1.1,0.71,3,0.25,0.84,6.2,41,0,0,0,1,0,0,0,0,0,1,0,0,1
S1401,train,14,0.0,2.6,18,11,15,92.4,177,0.4,0.73,4,0.33,0.87,6.5,67,0,0,0,0,0,1,0,0,0,0,0,1,0
S1402,train,12,10.0,2.4,32,5,3,68.8,0,1.5,0.79,3,0.36,0.8,6.3,60,1,0,0,0,0,0,0,0,1,0,0,0,0
S1403,train,14,30.0,4.4,36,8,21,67.9,318,2.4,0.67,4,0.27,0.87,7.0,66,0,0,0,0,0,1,0,0,0,0,1,0,1
S1404,train,13,0.0,7.9,75,13,20,90.4,139,7.2,0.9,1,0.21,0.97,6.5,99,0,0,0,0,0,0,1,0,0,0,0,1,0
S1405,train,16,0.0,4.2,48,7,12,71.1,188,1.5,0.92,1,0.24,1.0,6.8,78,0,0,0,0,1,0,0,0,1,0,0,0,0
S1406,train,16,18.0,4.1,43,13,9,73.0,33,7.4,0.84,2,0.29,0.92,5.8,65,0,0,0,0,0,0,0,1,0,1,0,0,0
S1407,train,15,1.0,8.2,82,10,22,72.4,298,3.0,1.0,0,0.25,0.99,7.4,84,0,0,0,0,0,0,0,1,1,0,0,0,0
S1408,train,14,0.0,5.7,63,5,9,64.2,77,2.7,0.9,1,0.05,0.71,7.5,63,0,0,0,0,0,1,0,0,1,0,0,0,1
S1409,train,15,0.0,5.7,39,4,10,65.9,188,2.3,0.65,5,0.29,0.73,6.0,60,0,0,0,1,0,0,0,0,0,1,0,0,1
S1410,train,16,0.0,7.4,72,10,17,56.7,241,1.1,0.77,3,0.4,0.81,5.2,49,0,0,1,0,0,0,0,0,1,0,0,0,1
S1411,test,13,20.0,2.2,22,13,14,81.3,214,0.4,0.77,2,0.44,0.72,5.7,66,0,1,0,0,0,0,0,0,0,1,0,0,1
S1412,test,15,6.0,4.5,37,11,25,78.2,261,8.5,1.0,1,0.17,1.0,6.6,89,0,0,1,0,0,0,0,0,0,0,0,1,0
S1413,train,13,0.0,4.0,45,4,12,69.6,234,2.5,0.83,1,0.37,0.92,6.2,68,0,1,0,0,0,0,0,0,0,0,1,0,0
S1414,train,16,0.0,5.2,58,16,24,85.4,289,3.2,0.98,1,0.31,0.87,5.5,78,0,0,0,0,1,0,0,0,1,0,0,0,0
S1415,train,15,0.0,4.4,36,10,19,75.6,340,3.9,0.78,1,0.19,0.81,7.3,68,1,0,0,0,0,0,0,0,0,0,1,0,0
S1416,train,15,7.0,4.5,30,12,18,94.6,188,2.1,0.82,2,0.37,0.91,6.4,85,0,0,0,0,0,1,0,0,0,1,0,0,0
S1417,test,15,16.0,3.7,12,18,17,74.6,301,4.4,0.94,3,0.26,0.89,5.7,50,0,0,0,1,0,0,0,0,0,0,1,0,0
S1418,train,14,0.0,5.4,66,12,20,80.9,328,1.8,0.99,0,0.29,0.84,5.4,79,0,0,0,0,0,0,0,1,1,0,0,0,0
S1419,train,17,0.0,7.4,64,11,9,81.4,190,7.0,0.99,1,0.14,0.88,8.2,74,0,0,0,0,0,0,1,0,1,0,0,0,0
S1420,train,12,2.0,3.9,39,3,2,71.6,0,0.4,0.94,1,0.34,0.84,7.0,47,0,0,0,1,0,0,0,0,1,0,0,0,0
S1421,train,14,14.0,6.3,59,12,21,63.0,267,9.0,0.88,2,0.04,0.98,7.0,88,0,1,0,0,0,0,0,0,0,0,1,0,0
S1422,train,14,0.0,5.0,59,15,20,80.7,279,4.3,0.99,0,0.08,0.89,6.7,83,1,0,0,0,0,0,0,0,1,0,0,0,0
S1423,train,13,10.0,1.0,3,10,17,68.7,275,0.7,0.76,4,0.36,0.7,5.5,62,0,0,1,0,0,0,0,0,1,0,0,0,1
S1424,train,16,17.0,5.0,45,6,15,70.4,322,1.0,0.82,3,0.52,0.89,4.9,71,1,0,0,0,0,0,0,0,0,0,0,1,1
S1425,train,12,4.0,1.7,9,0,4,68.0,42,2.0,0.97,1,0.35,0.84,7.4,56,0,0,0,1,0,0,0,0,0,0,1,0,0
S1426,train,15,0.0,3.2,26,0,14,79.6,192,3.7,0.74,3,0.37,1.0,5.4,73,0,0,0,0,0,1,0,0,0,0,0,1,1
S1427,train,16,5.0,2.9,18,4,9,67.7,102,2.3,0.76,2,0.39,0.84,5.2,57,0,0,0,1,0,0,0,0,1,0,0,0,1
S1428,train,14,19.0,4.7,35,14,22,83.4,376,4.6,0.87,2,0.3,0.93,5.7,63,0,1,0,0,0,0,0,0,0,0,0,1,0
S1429,test,14,18.0,8.3,79,20,38,93.6,491,7.5,1.0,0,0.19,1.0,7.4,100,0,0,1,0,0,0,0,0,0,1,0,0,0
S1430,train,15,2.0,9.4,89,12,26,74.8,318,1.7,1.0,0,0.08,0.9,5.5,80,0,0,0,0,1,0,0,0,0,0,0,1,0
S1431,train,14,0.0,4.9,36,7,17,94.8,278,3.7,0.83,2,0.0,0.83,7.6,67,0,0,0,0,0,0,0,1,1,0,0,0,0
S1432,test,14,2.0,4.3,39,13,8,60.5,92,2.9,0.82,1,0.48,0.72,4.9,59,0,0,0,0,0,1,0,0,0,0,0,1,1
S1433,train,15,0.0,5.4,42,9,9,75.9,234,6.5,0.89,0,0.11,0.92,6.8,71,0,0,0,1,0,0,0,0,0,0,0,1,0
S1434,train,14,0.0,7.3,74,11,24,84.9,338,6.3,1.0,0,0.32,0.98,6.6,65,0,0,0,0,0,0,0,1,1,0,0,0,0
S1435,test,16,9.0,4.0,44,13,15,64.0,83,3.8,0.88,1,0.25,0.84,6.3,59,0,1,0,0,0,0,0,0,0,1,0,0,0
S1436,train,14,34.0,4.2,48,14,21,75.6,266,2.9,0.8,3,0.33,0.85,4.9,73,0,0,0,0,0,0,0,1,0,0,1,0,0
S1437,test,17,16.0,2.8,24,4,3,65.3,0,0.0,0.67,5,0.3,0.78,5.2,57,0,0,0,0,0,0,0,1,1,0,0,0,1
S1438,test,18,0.0,1.0,4,1,8,69.9,99,0.0,0.84,1,0.2,0.76,5.6,76,0,1,0,0,0,0,0,0,0,1,0,0,0
S1439,train,16,28.0,1.3,12,5,3,60.6,17,1.6,0.59,6,0.35,0.7,5.6,50,0,0,0,0,0,0,0,1,0,0,0,1,1
S1440,train,14,6.0,7.2,63,17,19,90.9,247,7.2,0.98,0,0.23,1.0,6.2,75,0,1,0,0,0,0,0,0,1,0,0,0,0
S1441,train,15,6.0,5.6,52,9,14,64.8,98,4.2,0.97,0,0.3,0.96,5.3,54,0,0,0,0,1,0,0,0,0,0,0,1,0
S1442,train,16,0.0,6.3,55,17,10,82.8,164,3.5,0.83,3,0.09,0.83,7.5,70,0,1,0,0,0,0,0,0,1,0,0,0,0
S1443,train,14,16.0,2.4,13,6,12,80.0,97,4.1,0.71,3,0.46,0.9,6.3,67,0,0,0,0,1,0,0,0,1,0,0,0,0
S1444,train,15,4.0,0.8,9,6,20,64.5,397,1.2,0.68,4,0.35,0.81,5.7,40,1,0,0,0,0,0,0,0,0,1,0,0,1
S1445,train,12,10.0,4.5,49,6,19,66.7,347,2.2,0.84,2,0.27,0.81,6.3,67,0,0,0,0,0,1,0,0,0,0,0,1,0
S1446,train,15,7.0,2.1,25,4,15,60.8,120,1.3,0.74,3,0.19,0.71,6.8,50,0,0,1,0,0,0,0,0,0,0,1,0,1
S1447,train,15,15.0,2.9,18,8,7,66.3,110,1.3,0.78,2,0.42,0.92,5.3,53,0,0,0,0,0,0,1,0,1,0,0,0,1
S1448,test,14,26.0,0.8,18,15,12,67.6,151,2.9,0.81,2,0.43,0.83,6.4,59,0,0,0,0,1,0,0,0,1,0,0,0,1
S1449,train,13,0.0,4.5,28,1,9,83.3,169,0.0,0.86,2,0.33,0.83,5.2,63,1,0,0,0,0,0,0,0,0,0,0,1,0
S1450,train,12,0.0,6.3,54,14,18,62.0,250,3.0,0.83,3,0.09,0.89,5.4,51,0,0,0,0,0,0,1,0,0,1,0,0,0
S1451,train,12,0.0,2.9,28,8,4,65.3,70,0.9,0.74,2,0.38,0.97,7.3,60,1,0,0,0,0,0,0,0,0,1,0,0,0
S1452,train,12,0.0,1.3,12,0,17,57.4,171,3.1,0.81,2,0.48,0.82,5.5,45,0,0,0,0,0,1,0,0,1,0,0,0,1
S1453,train,12,6.0,4.1,36,5,10,78.9,53,7.0,0.78,3,0.26,0.96,6.8,70,0,0,0,0,1,0,0,0,1,0,0,0,0
S1454,train,18,31.0,3.4,28,16,21,90.7,183,0.7,0.85,2,0.41,0.87,4.5,80,0,0,0,0,1,0,0,0,0,0,0,1,0
S1455,test,13,0.0,2.8,23,0,8,67.8,161,2.3,0.73,3,0.2,0.9,6.4,58,1,0,0,0,0,0,0,0,0,0,0,1,0
S1456,train,14,0.0,3.5,41,3,10,75.1,160,1.0,0.73,4,0.25,0.69,6.6,49,0,0,1,0,0,0,0,0,1,0,0,0,1
S1457,train,18,0.0,3.9,45,12,18,78.1,279,1.3,0.78,2,0.28,0.85,6.5,54,0,0,0,0,1,0,0,0,1,0,0,0,1
S1458,test,15,17.0,4.3,41,16,5,71.4,58,1.3,1.0,0,0.48,0.83,7.2,68,0,1,0,0,0,0,0,0,0,1,0,0,0
S1459,train,17,0.0,3.3,23,0,5,72.2,76,2.4,0.9,2,0.28,0.79,5.9,58,1,0,0,0,0,0,0,0,1,0,0,0,0
S1460,train,14,13.0,6.2,63,16,26,88.9,310,6.9,0.99,0,0.08,0.99,5.7,98,1,0,0,0,0,0,0,0,0,0,1,0,0
S1461,test,18,0.0,4.7,56,14,18,77.8,278,8.2,0.85,2,0.08,1.0,7.2,67,0,0,0,0,0,0,0,1,0,0,0,1,0
S1462,train,15,3.0,1.4,19,4,15,65.9,145,0.3,0.81,3,0.26,0.8,6.6,51,0,1,0,0,0,0,0,0,1,0,0,0,1
S1463,test,16,0.0,0.5,3,1,0,0.0,0,0.0,0.78,2,0.41,0.76,6.2,40,0,0,1,0,0,0,0,0,0,1,0,0,1
S1464,train,14,16.0,4.2,36,5,13,66.7,166,0.0,0.81,3,0.42,0.78,5.6,66,0,0,1,0,0,0,0,0,1,0,0,0,1
S1465,train,13,14.0,5.3,61,14,32,89.4,414,3.8,0.85,2,0.17,0.99,7.3,73,0,0,1,0,0,0,0,0,0,0,0,1,0
S1466,train,13,0.0,3.9,39,9,4,92.8,0,3.5,0.85,2,0.12,0.88,8.4,59,0,0,0,0,1,0,0,0,0,0,0,1,0
S1467,train,13,0.0,1.7,8,0,0,0.0,13,0.0,0.73,3,0.61,0.69,5.8,33,0,1,0,0,0,0,0,0,1,0,0,0,1
S1468,train,15,0.0,0.5,15,0,1,72.4,15,0.0,0.71,3,0.41,0.64,6.1,69,0,0,0,1,0,0,0,0,0,0,1,0,0
S1469,train,15,0.0,3.5,29,13,11,66.2,148,2.9,0.93,1,0.23,0.9,7.3,79,0,0,1,0,0,0,0,0,1,0,0,0,0
S1470,train,16,10.0,5.0,61,7,12,88.8,168,2.7,0.77,3,0.22,0.96,6.8,80,1,0,0,0,0,0,0,0,0,1,0,0,0
S1471,train,14,0.0,7.1,86,8,15,56.2,217,5.1,0.76,4,0.32,0.76,6.0,52,1,0,0,0,0,0,0,0,1,0,0,0,0
S1472,test,12,0.0,4.5,55,7,21,80.7,268,3.0,0.91,2,0.14,0.85,7.4,61,0,0,0,0,0,1,0,0,0,0,0,1,0
S1473,train,15,0.0,6.7,69,14,15,71.1,93,4.7,0.88,2,0.15,0.77,7.2,72,0,0,0,0,0,1,0,0,0,0,1,0,1
S1474,train,12,12.0,6.1,58,16,28,80.7,405,3.9,0.87,2,0.18,1.0,7.8,84,1,0,0,0,0,0,0,0,1,0,0,0,0
S1475,test,18,11.0,0.8,3,6,4,75.2,0,0.4,0.64,5,0.19,0.87,6.1,68,1,0,0,0,0,0,0,0,0,0,0,1,0
S1476,train,16,31.0,4.0,32,11,14,82.5,231,6.3,0.82,3,0.23,0.84,4.8,74,1,0,0,0,0,0,0,0,0,0,0,1,0
S1477,test,15,12.0,3.3,22,3,12,75.5,177,0.8,0.79,4,0.33,0.69,4.9,62,0,0,0,0,0,0,0,1,1,0,0,0,1
S1478,train,12,2.0,4.8,41,12,13,69.5,119,0.0,0.91,0,0.38,0.85,5.2,63,1,0,0,0,0,0,0,0,0,0,0,1,1
S1479,train,15,0.0,5.3,53,7,16,71.6,173,3.5,0.77,3,0.15,0.91,6.9,72,0,0,1,0,0,0,0,0,0,0,1,0,0
S1480,train,13,0.0,2.8,22,13,8,66.0,87,1.4,0.71,4,0.34,0.85,5.6,44,0,0,0,1,0,0,0,0,0,1,0,0,1
S1481,train,18,21.0,4.9,53,3,12,72.7,215,5.5,0.94,2,0.37,0.87,6.2,70,0,0,0,0,0,0,0,1,0,0,0,1,0
S1482,test,15,0.0,5.2,43,7,8,84.3,167,5.8,0.88,2,0.33,0.86,7.0,77,0,0,0,0,0,1,0,0,1,0,0,0,0
S1483,test,16,0.0,9.2,90,11,25,92.3,450,6.1,0.92,1,0.25,0.91,6.5,87,0,0,1,0,0,0,0,0,1,0,0,0,0
S1484,test,12,0.0,5.4,60,4,9,60.2,166,2.0,0.82,2,0.39,0.79,5.5,61,0,0,0,0,1,0,0,0,0,0,1,0,1
S1485,test,15,0.0,7.4,64,0,3,81.5,0,3.5,0.85,3,0.27,0.83,6.9,70,0,0,0,0,0,1,0,0,0,1,0,0,0
S1486,train,13,0.0,2.4,22,12,19,74.0,208,1.4,0.84,3,0.26,0.8,6.9,76,0,0,1,0,0,0,0,0,0,1,0,0,0
S1487,train,15,4.0,6.6,54,11,15,86.7,322,8.4,0.94,1,0.15,0.96,5.1,71,0,0,0,0,0,1,0,0,0,0,0,1,0
S1488,train,18,0.0,4.4,35,11,14,79.7,277,1.4,0.9,1,0.17,0.85,7.7,53,0,0,0,0,0,0,1,0,1,0,0,0,0
S1489,test,15,0.0,2.7,27,3,0,0.0,13,2.7,0.76,4,0.38,0.81,5.3,63,0,0,0,1,0,0,0,0,0,0,0,1,1
S1490,train,16,0.0,2.9,29,11,27,72.5,468,5.5,0.91,2,0.16,0.92,7.1,73,0,1,0,0,0,0,0,0,0,0,0,1,0
S1491,test,12,7.0,2.9,34,10,16,75.7,152,0.0,0.78,3,0.22,0.7,5.7,61,0,0,0,0,0,0,1,0,1,0,0,0,1
S1492,train,14,0.0,5.2,43,1,9,72.9,231,1.8,0.73,3,0.35,0.71,5.8,60,0,1,0,0,0,0,0,0,0,0,0,1,1
S1493,train,12,7.0,8.2,79,15,24,83.8,365,3.2,0.84,3,0.22,0.91,6.2,77,0,1,0,0,0,0,0,0,0,1,0,0,0
S1494,train,13,6.0,6.2,64,10,10,79.5,166,1.2,0.88,2,0.44,0.86,5.1,76,0,0,0,0,0,1,0,0,1,0,0,0,0
S1495,test,13,0.0,0.5,4,0,0,0.0,0,0.0,0.65,3,0.41,0.64,5.6,32,0,0,1,0,0,0,0,0,1,0,0,0,1
S1496,test,15,9.0,2.4,25,13,17,63.2,144,1.9,0.79,2,0.44,0.89,5.8,51,0,0,0,0,0,1,0,0,1,0,0,0,1
S1497,train,15,0.0,3.0,16,12,12,78.5,188,4.0,0.85,1,0.4,0.78,6.8,51,0,0,1,0,0,0,0,0,0,1,0,0,0
S1498,train,15,10.0,4.4,34,19,23,78.6,446,4.8,0.85,1,0.18,0.96,6.5,81,0,0,0,0,1,0,0,0,0,0,0,1,0
S1499,train,15,4.0,6.3,68,13,18,85.9,235,6.7,0.97,0,0.27,0.96,6.7,80,0,1,0,0,0,0,0,0,0,1,0,0,0
S1500,train,14,6.0,8.2,63,8,21,81.2,255,6.0,1.0,1,0.06,0.98,5.8,86,0,0,0,0,1,0,0,0,0,0,0,1,0
S1501,train,17,4.0,8.7,67,4,13,80.1,163,3.6,0.83,2,0.18,1.0,5.8,77,0,0,0,0,0,0,0,1,0,0,0,1,0
S1502,train,15,0.0,3.5,34,6,10,67.7,144,0.0,0.89,1,0.26,0.85,6.0,59,0,1,0,0,0,0,0,0,1,0,0,0,0
S1503,train,17,0.0,2.9,15,2,11,66.0,92,0.0,0.85,2,0.33,0.81,7.0,57,0,0,0,0,0,0,0,1,0,0,0,1,0
S1504,test,16,0.0,4.5,54,7,18,55.2,288,0.6,0.73,5,0.15,0.8,6.9,52,0,1,0,0,0,0,0,0,0,0,1,0,1
S1505,train,16,0.0,8.0,85,8,16,83.5,178,3.3,0.89,1,0.41,1.0,6.0,69,0,0,0,0,0,1,0,0,0,1,0,0,0
S1506,train,15,0.0,8.6,75,5,20,74.3,354,1.1,0.85,1,0.22,0.86,5.9,78,0,0,1,0,0,0,0,0,0,1,0,0,0
S1507,train,17,11.0,0.5,6,3,0,0.0,0,0.0,0.68,4,0.19,0.78,6.8,65,1,0,0,0,0,0,0,0,0,1,0,0,1
S1508,train,16,0.0,8.3,70,15,9,80.0,180,1.9,0.88,0,0.27,0.91,4.6,78,0,0,0,0,0,1,0,0,1,0,0,0,0
S1509,train,16,9.0,7.0,49,10,22,77.2,265,7.0,0.94,0,0.37,0.9,6.2,72,0,0,0,1,0,0,0,0,0,1,0,0,0
S1510,train,12,0.0,3.3,33,7,6,68.5,94,3.0,0.78,2,0.21,1.0,6.6,62,0,0,0,0,0,0,0,1,0,1,0,0,0
S1511,train,14,5.0,9.6,78,13,29,100.0,423,10.2,0.99,1,0.07,1.0,7.3,96,0,0,0,0,0,0,0,1,0,1,0,0,0
S1512,train,16,21.0,1.0,14,10,17,66.5,234,4.1,0.75,4,0.3,0.89,5.6,76,1,0,0,0,0,0,0,0,0,0,1,0,0
S1513,test,12,7.0,3.0,40,10,17,75.2,215,1.1,0.75,3,0.19,0.86,5.8,66,0,0,0,0,0,0,1,0,1,0,0,0,0
S1514,train,15,15.0,4.6,46,10,17,76.5,308,5.5,0.81,2,0.33,0.92,4.3,56,0,0,0,0,0,1,0,0,1,0,0,0,1
S1515,train,15,0.0,4.0,49,8,15,72.7,158,0.0,0.85,1,0.17,0.82,6.4,70,0,0,0,0,0,0,0,1,0,0,1,0,0
S1516,train,14,2.0,1.6,14,10,14,62.5,267,2.1,0.81,2,0.28,0.76,5.9,43,1,0,0,0,0,0,0,0,0,0,0,1,1
S1517,train,14,0.0,5.6,59,12,14,71.9,57,3.9,0.83,2,0.19,0.92,7.6,81,0,0,0,0,0,1,0,0,0,0,1,0,0
S1518,train,16,12.0,5.1,55,1,11,87.5,167,7.0,0.91,2,0.42,0.98,5.3,74,0,0,0,0,0,0,1,0,0,0,0,1,0
S1519,train,12,4.0,4.5,39,12,16,83.8,138,5.1,0.83,3,0.29,0.8,6.0,63,0,0,0,0,0,0,0,1,0,0,0,1,0
S1520,train,12,10.0,5.6,57,11,20,74.5,276,1.8,0.81,2,0.25,0.88,6.4,59,0,0,0,0,0,0,1,0,0,1,0,0,0
S1521,test,18,3.0,4.6,44,1,10,76.1,55,0.1,0.9,1,0.16,0.84,6.3,76,1,0,0,0,0,0,0,0,0,0,0,1,0
S1522,train,16,7.0,8.5,67,15,27,90.2,313,2.8,0.85,1,0.15,0.92,7.4,99,0,0,0,0,1,0,0,0,1,0,0,0,0
S1523,train,15,13.0,5.3,43,5,5,84.0,10,2.4,0.92,0,0.23,0.93,6.2,69,0,0,1,0,0,0,0,0,0,0,0,1,0
S1524,train,16,3.0,5.0,41,5,13,91.6,145,2.8,0.79,3,0.11,0.79,6.6,75,0,0,0,0,1,0,0,0,1,0,0,0,0
S1525,train,14,0.0,3.3,23,12,27,81.9,254,4.3,0.95,1,0.29,0.83,5.0,79,1,0,0,0,0,0,0,0,0,0,1,0,0
S1526,train,16,1.0,2.8,20,8,4,65.7,68,2.6,0.69,4,0.26,0.88,5.2,44,0,0,0,0,1,0,0,0,0,0,1,0,0
S1527,test,15,12.0,1.4,23,13,17,69.8,214,2.0,0.79,3,0.41,0.87,6.0,65,0,0,1,0,0,0,0,0,1,0,0,0,0
S1528,test,14,1.0,9.0,79,13,21,92.8,269,5.8,0.96,0,0.18,0.93,6.6,100,0,1,0,0,0,0,0,0,0,0,0,1,0
S1529,train,14,22.0,5.1,52,9,19,79.1,280,0.1,0.76,3,0.18,0.81,5.3,69,0,1,0,0,0,0,0,0,0,1,0,0,0
S1530,train,15,0.0,8.6,94,11,22,82.9,242,7.0,1.0,0,0.05,0.98,6.1,83,0,0,1,0,0,0,0,0,1,0,0,0,0
S1531,train,12,2.0,7.6,70,7,13,74.0,187,4.6,0.93,0,0.2,0.95,6.1,67,1,0,0,0,0,0,0,0,1,0,0,0,0
S1532,train,16,0.0,2.9,23,0,9,59.0,139,0.0,0.82,1,0.33,0.87,6.2,31,0,0,0,0,0,1,0,0,1,0,0,0,1
S1533,train,18,16.0,3.6,36,14,6,62.0,145,5.8,0.8,2,0.27,0.89,5.1,58,0,0,0,0,0,0,0,1,0,0,1,0,0
S1534,test,18,0.0,0.6,3,6,2,45.7,79,1.2,0.64,4,0.28,0.76,6.0,55,0,0,0,0,0,0,0,1,0,0,0,1,1
S1535,train,15,0.0,1.7,9,11,20,73.4,262,5.1,0.95,0,0.36,0.84,4.8,87,0,0,0,1,0,0,0,0,1,0,0,0,0
S1536,test,13,0.0,3.9,38,6,5,64.8,92,2.5,0.82,4,0.24,0.82,6.9,65,0,0,0,1,0,0,0,0,1,0,0,0,0
S1537,train,12,2.0,5.3,32,11,8,76.9,128,5.7,0.85,0,0.21,0.78,5.3,61,1,0,0,0,0,0,0,0,1,0,0,0,0
S1538,test,15,22.0,3.6,44,5,4,74.1,65,1.2,0.86,0,0.5,0.96,5.2,63,0,0,0,0,0,0,0,1,0,0,0,1,0
S1539,train,13,11.0,4.2,44,14,14,70.7,78,4.6,0.85,1,0.48,0.89,5.2,68,0,0,0,0,1,0,0,0,1,0,0,0,0
S1540,train,14,21.0,3.9,47,11,12,69.5,108,0.5,0.7,5,0.45,0.71,6.6,62,0,0,0,0,1,0,0,0,0,1,0,0,1
S1541,train,16,35.0,0.5,3,10,0,0.0,11,1.0,0.71,2,0.52,0.87,3.9,51,0,0,0,0,0,0,0,1,0,0,1,0,1
S1542,train,12,0.0,0.5,4,1,7,76.1,57,0.4,0.86,1,0.44,0.77,5.4,64,0,0,0,0,0,0,0,1,0,1,0,0,1
S1543,test,15,4.0,3.8,43,13,22,84.3,271,4.3,0.82,1,0.25,0.86,6.6,77,0,0,0,0,0,1,0,0,1,0,0,0,0
S1544,train,16,0.0,9.5,104,11,26,86.8,320,4.9,0.97,1,0.04,0.94,7.5,72,0,0,0,0,0,0,1,0,1,0,0,0,0
S1545,test,12,7.0,5.3,57,7,8,83.0,65,4.6,0.78,2,0.35,0.83,5.8,75,0,1,0,0,0,0,0,0,1,0,0,0,0
S1546,train,15,0.0,3.8,40,11,21,92.0,299,6.6,1.0,0,0.26,0.96,6.9,73,0,0,0,0,1,0,0,0,0,0,0,1,0
S1547,train,16,0.0,8.2,91,10,14,87.8,281,6.9,1.0,1,0.17,0.91,6.9,76,0,0,0,0,0,1,0,0,1,0,0,0,0
S1548,train,15,6.0,1.1,17,0,3,66.6,76,3.2,0.8,2,0.32,0.74,6.1,50,0,0,0,0,1,0,0,0,1,0,0,0,0
S1549,train,14,0.0,2.9,11,5,4,63.6,120,0.0,0.75,1,0.23,0.95,5.9,57,0,0,0,1,0,0,0,0,0,1,0,0,0
S1550,train,13,0.0,3.8,38,10,22,71.9,237,2.9,0.87,2,0.35,0.86,7.1,56,1,0,0,0,0,0,0,0,0,0,0,1,0
S1551,train,18,17.0,1.8,18,3,7,62.2,211,0.0,0.59,6,0.23,0.78,5.5,46,0,0,0,1,0,0,0,0,0,1,0,0,1
S1552,train,15,12.0,4.5,47,8,16,73.2,261,1.9,0.83,2,0.21,0.79,6.4,59,1,0,0,0,0,0,0,0,0,0,0,1,0
S1553,train,13,0.0,1.2,16,0,10,61.6,73,0.0,0.83,3,0.12,0.78,5.9,49,0,0,0,0,0,0,1,0,1,0,0,0,1
S1554,train,12,0.0,2.7,23,8,6,70.1,63,2.1,0.86,2,0.34,0.87,7.4,53,0,0,0,1,0,0,0,0,0,1,0,0,0
S1555,train,13,0.0,5.2,50,13,8,70.3,168,2.1,0.84,2,0.46,0.74,7.0,68,0,0,0,0,1,0,0,0,0,0,0,1,0
S1556,train,17,23.0,4.6,35,5,15,84.9,177,3.2,0.81,4,0.33,0.9,5.8,78,0,0,0,0,0,0,1,0,1,0,0,0,0
S1557,test,13,0.0,1.7,22,4,14,70.3,138,2.9,0.72,3,0.36,0.8,5.7,64,0,0,0,0,1,0,0,0,0,0,1,0,0
S1558,train,16,22.0,0.5,5,2,8,74.1,38,1.4,0.72,3,0.29,0.66,6.8,62,0,0,0,1,0,0,0,0,0,0,1,0,1
S1559,train,18,11.0,3.2,29,6,14,83.1,187,2.3,1.0,0,0.49,0.9,4.9,90,0,0,0,0,0,0,0,1,0,1,0,0,0
S1560,train,14,0.0,9.6,101,20,41,83.9,639,4.3,0.99,0,0.07,0.97,7.3,94,0,0,1,0,0,0,0,0,0,0,1,0,0
S1561,train,15,4.0,3.3,36,16,21,80.5,282,3.8,0.81,4,0.34,0.84,6.5,63,0,0,0,0,0,1,0,0,0,0,0,1,0
S1562,train,13,0.0,3.6,40,8,4,56.9,33,0.7,0.63,5,0.6,0.88,5.9,41,0,0,0,0,1,0,0,0,1,0,0,0,1
S1563,train,13,6.0,2.9,26,3,10,70.5,208,1.9,0.82,3,0.14,0.96,6.8,50,0,0,0,0,0,0,1,0,0,0,1,0,0
S1564,test,14,2.0,7.4,66,16,34,74.7,470,9.0,1.0,0,0.0,1.0,7.9,81,0,0,1,0,0,0,0,0,0,1,0,0,0
S1565,train,16,0.0,2.0,20,7,9,85.4,141,0.7,0.88,2,0.46,0.87,4.4,77,0,1,0,0,0,0,0,0,1,0,0,0,0
S1566,train,15,0.0,6.6,64,17,27,86.0,349,6.0,1.0,0,0.16,0.9,5.3,93,0,0,0,1,0,0,0,0,0,0,1,0,0
S1567,test,17,20.0,4.8,46,17,26,83.5,252,5.4,0.86,1,0.28,0.85,5.5,64,0,0,0,0,1,0,0,0,0,0,1,0,0
S1568,train,16,1.0,7.7,74,10,21,86.3,318,2.8,0.92,0,0.11,0.9,6.0,93,0,0,0,1,0,0,0,0,0,0,0,1,0
S1569,train,15,4.0,5.4,55,4,23,87.1,278,6.1,1.0,1,0.26,1.0,6.3,70,0,0,0,0,1,0,0,0,0,0,0,1,0
S1570,train,15,3.0,4.8,54,11,25,77.4,427,5.6,0.96,0,0.13,0.87,6.0,66,0,0,1,0,0,0,0,0,0,0,0,1,0
S1571,train,15,0.0,3.9,28,7,7,63.0,26,6.7,0.77,1,0.38,0.79,5.6,57,0,0,1,0,0,0,0,0,0,0,0,1,1
S1572,test,15,0.0,4.0,30,11,16,70.0,145,2.3,0.9,0,0.29,0.93,6.2,68,1,0,0,0,0,0,0,0,1,0,0,0,0
S1573,train,15,11.0,3.5,10,10,11,55.3,214,3.4,0.79,5,0.23,0.76,5.8,81,0,0,0,1,0,0,0,0,1,0,0,0,0
S1574,train,14,2.0,4.3,41,10,18,60.9,288,1.2,0.81,3,0.23,0.91,6.2,75,0,1,0,0,0,0,0,0,0,0,1,0,0
S1575,train,13,4.0,2.2,11,1,2,61.3,0,0.3,0.78,2,0.34,0.7,6.9,65,0,0,0,0,0,1,0,0,0,1,0,0,1
S1576,train,18,0.0,5.7,38,3,7,77.7,56,3.3,0.75,4,0.37,0.88,5.6,67,1,0,0,0,0,0,0,0,0,0,1,0,0
S1577,test,12,17.0,7.2,66,11,13,64.7,136,3.7,0.83,2,0.29,0.78,5.6,68,0,0,0,0,0,1,0,0,0,1,0,0,0
S1578,test,12,33.0,1.1,3,5,16,70.1,264,0.0,0.84,1,0.43,0.86,5.7,65,1,0,0,0,0,0,0,0,0,0,0,1,0
S1579,train,12,2.0,2.5,31,7,12,73.2,192,0.0,0.79,1,0.35,0.84,7.3,50,0,0,1,0,0,0,0,0,0,1,0,0,0
S1580,train,14,17.0,4.7,54,9,17,87.6,307,8.8,0.93,1,0.34,0.85,6.0,77,0,0,0,0,0,0,1,0,1,0,0,0,0
S1581,train,15,29.0,3.9,42,4,17,80.1,231,4.7,0.69,3,0.35,0.77,5.0,68,0,0,0,0,0,0,1,0,0,0,1,0,0
S1582,train,14,0.0,4.2,36,0,14,76.3,178,2.7,0.85,4,0.26,0.94,6.8,39,0,1,0,0,0,0,0,0,0,0,0,1,1
S1583,train,16,7.0,0.9,3,7,8,65.6,61,1.7,0.76,3,0.21,0.63,5.9,58,0,0,0,1,0,0,0,0,0,0,0,1,1
S1584,test,14,0.0,4.4,34,12,4,63.6,18,0.2,0.82,2,0.28,0.78,7.1,59,0,0,0,0,1,0,0,0,0,1,0,0,1
S1585,train,12,0.0,2.9,19,2,0,0.0,16,4.2,0.86,2,0.18,0.83,7.7,43,0,0,0,0,1,0,0,0,1,0,0,0,0
S1586,train,15,17.0,3.1,26,14,15,95.9,147,0.5,0.86,1,0.36,0.9,6.0,74,1,0,0,0,0,0,0,0,0,0,0,1,0
S1587,train,15,5.0,0.5,3,0,3,55.0,0,0.0,0.73,3,0.37,0.8,6.6,40,0,0,0,0,0,0,1,0,0,0,0,1,1
S1588,train,15,0.0,4.6,57,15,15,85.8,225,5.9,0.86,2,0.03,0.9,6.2,83,0,0,0,0,1,0,0,0,1,0,0,0,0
S1589,train,14,16.0,0.5,11,4,14,72.8,182,1.0,0.82,3,0.26,0.78,5.4,44,1,0,0,0,0,0,0,0,0,0,0,1,0
S1590,train,15,13.0,1.1,25,6,4,48.2,33,4.5,0.86,2,0.18,0.7,6.2,56,0,0,1,0,0,0,0,0,0,0,0,1,0
S1591,test,14,13.0,4.7,46,10,27,79.0,344,2.3,0.82,2,0.22,0.87,5.8,78,0,0,0,1,0,0,0,0,0,0,0,1,0
S1592,train,13,5.0,4.0,30,22,31,74.6,378,4.0,0.76,1,0.21,0.99,6.4,83,1,0,0,0,0,0,0,0,0,0,0,1,0
S1593,train,14,0.0,1.0,4,5,13,74.2,158,0.0,0.86,2,0.3,0.82,5.5,66,0,1,0,0,0,0,0,0,1,0,0,0,0
S1594,train,15,5.0,2.4,22,0,5,60.3,45,4.7,0.89,2,0.16,0.89,5.4,46,0,0,0,0,1,0,0,0,1,0,0,0,0
S1595,train,18,0.0,3.0,31,6,15,71.8,271,1.9,0.7,2,0.29,0.75,7.7,41,1,0,0,0,0,0,0,0,0,1,0,0,1
S1596,train,15,0.0,4.2,49,17,20,76.6,318,6.9,1.0,0,0.29,0.94,6.2,52,0,1,0,0,0,0,0,0,0,0,0,1,0
S1597,train,15,6.0,6.3,54,7,17,78.6,191,1.4,0.86,1,0.07,1.0,7.9,79,0,0,0,1,0,0,0,0,1,0,0,0,0
S1598,train,14,0.0,3.7,32,11,13,84.0,131,2.4,0.92,1,0.3,0.77,7.3,47,0,0,0,0,1,0,0,0,1,0,0,0,1
S1599,train,15,0.0,7.7,74,3,11,99.5,168,4.5,1.0,0,0.19,1.0,6.0,89,0,0,1,0,0,0,0,0,0,0,0,1,0
S1600,train,17,0.0,3.6,44,17,25,74.2,344,3.5,1.0,0,0.12,0.98,8.0,83,0,0,0,0,0,0,0,1,0,0,0,1,0
S1601,test,13,0.0,2.9,24,3,17,63.2,313,4.6,0.85,1,0.3,0.86,5.3,60,0,1,0,0,0,0,0,0,0,0,0,1,0
S1602,train,15,2.0,6.6,66,14,24,80.1,272,3.0,1.0,0,0.32,0.97,6.0,86,0,0,0,0,1,0,0,0,0,0,0,1,0
S1603,test,18,0.0,4.4,32,6,3,73.5,63,1.1,0.7,4,0.13,0.76,7.0,52,0,0,0,0,1,0,0,0,0,0,0,1,1
S1604,train,16,2.0,2.9,30,12,10,66.2,64,4.0,0.9,2,0.19,0.92,5.9,83,0,0,0,0,1,0,0,0,0,0,0,1,0
S1605,train,15,5.0,2.0,23,14,14,80.5,234,5.7,0.91,2,0.33,0.99,5.1,70,0,1,0,0,0,0,0,0,0,0,0,1,0
S1606,test,15,0.0,4.9,51,11,22,72.3,321,0.0,0.86,4,0.37,0.86,6.0,51,0,0,1,0,0,0,0,0,0,1,0,0,1
S1607,train,12,16.0,9.3,98,10,30,77.5,468,5.3,0.98,1,0.03,0.95,6.2,78,0,0,0,0,0,0,0,1,1,0,0,0,0
S1608,train,15,7.0,4.9,45,7,14,79.0,194,2.5,0.83,2,0.3,0.89,6.9,53,0,1,0,0,0,0,0,0,0,1,0,0,0
S1609,train,14,0.0,4.1,44,7,12,63.4,204,3.2,0.97,0,0.2,0.77,6.0,60,0,0,0,0,0,0,0,1,0,1,0,0,0
S1610,train,13,0.0,1.1,3,5,0,0.0,11,1.5,0.69,5,0.38,0.87,7.7,69,0,0,0,0,0,0,1,0,0,0,0,1,0
S1611,train,15,0.0,5.7,44,5,10,74.5,141,2.2,0.86,1,0.28,0.91,5.3,54,0,0,0,1,0,0,0,0,1,0,0,0,0
S1612,train,15,0.0,6.8,63,4,5,61.4,149,3.6,0.64,5,0.32,0.73,6.7,59,0,0,0,0,0,0,0,1,0,1,0,0,0
S1613,train,16,10.0,10.2,94,18,36,93.6,576,9.0,1.0,1,0.2,0.87,6.8,89,0,0,0,1,0,0,0,0,0,1,0,0,0
S1614,train,15,13.0,3.9,50,13,5,70.1,150,0.4,0.77,1,0.36,0.88,6.4,71,0,0,0,1,0,0,0,0,0,1,0,0,0
S1615,train,13,1.0,5.4,56,7,13,77.5,220,3.4,0.87,1,0.39,0.84,5.7,60,0,0,0,0,0,1,0,0,1,0,0,0,1
S1616,train,15,21.0,5.3,61,12,29,84.5,393,7.5,0.86,2,0.26,0.99,5.5,82,0,0,0,1,0,0,0,0,0,0,0,1,0
S1617,train,15,15.0,5.0,50,10,18,96.7,205,0.8,0.87,2,0.24,0.77,5.9,81,0,0,0,0,1,0,0,0,0,0,0,1,0
S1618,test,15,6.0,1.4,20,4,3,73.9,28,0.0,0.73,3,0.4,0.76,6.8,47,0,0,0,0,0,0,1,0,1,0,0,0,1
S1619,train,15,0.0,2.9,25,13,10,79.8,79,1.9,1.0,0,0.41,0.91,5.2,75,0,0,0,0,1,0,0,0,0,1,0,0,0
S1620,train,15,14.0,1.3,18,11,23,84.7,283,4.2,0.93,0,0.23,0.88,5.9,66,0,0,1,0,0,0,0,0,0,0,0,1,0
S1621,train,16,20.0,3.7,31,10,13,74.5,189,0.0,0.72,4,0.43,0.89,6.5,64,0,0,0,0,0,0,1,0,0,1,0,0,1
S1622,train,18,0.0,5.1,44,10,13,74.6,178,2.2,0.74,3,0.27,0.85,6.3,69,0,0,0,0,0,0,0,1,0,0,0,1,0
S1623,train,15,0.0,3.6,15,1,15,77.0,215,4.3,0.96,0,0.3,0.91,6.7,76,0,0,0,0,0,0,1,0,0,0,0,1,0
S1624,train,15,12.0,1.5,17,4,4,67.7,71,0.1,0.73,3,0.25,0.63,5.7,62,1,0,0,0,0,0,0,0,1,0,0,0,1
S1625,train,14,0.0,3.7,42,9,4,65.2,141,1.0,0.78,2,0.25,0.76,6.5,61,0,0,0,0,0,0,0,1,0,0,0,1,1
S1626,train,14,0.0,2.9,33,5,14,69.2,185,4.9,0.91,2,0.33,0.89,7.4,59,0,1,0,0,0,0,0,0,0,0,0,1,0
S1627,test,12,12.0,0.9,11,10,16,75.2,130,0.0,0.63,5,0.35,0.8,5.7,61,0,0,0,0,1,0,0,0,1,0,0,0,0
S1628,test,15,15.0,5.7,50,5,12,72.6,187,3.3,0.81,2,0.49,0.84,5.3,75,1,0,0,0,0,0,0,0,0,0,1,0,0
S1629,train,14,0.0,4.8,26,10,28,76.0,424,6.3,0.97,0,0.17,0.99,7.7,61,0,0,0,0,0,0,1,0,0,0,1,0,0
S1630,train,13,0.0,5.1,38,8,9,67.5,164,2.0,0.81,4,0.11,0.99,6.2,61,1,0,0,0,0,0,0,0,0,0,1,0,0
S1631,test,18,0.0,3.8,35,0,19,75.2,411,4.7,0.73,4,0.33,0.89,6.5,62,0,0,0,0,1,0,0,0,0,0,0,1,0
S1632,test,14,32.0,4.5,48,9,19,79.8,184,1.4,0.82,2,0.18,0.93,5.4,77,0,0,0,0,0,1,0,0,0,0,0,1,0
S1633,train,14,9.0,3.8,45,3,23,71.9,275,4.8,0.83,2,0.34,0.95,4.6,69,0,0,0,0,1,0,0,0,0,1,0,0,0
S1634,test,14,0.0,5.0,56,8,16,85.0,240,2.2,0.87,1,0.25,0.9,6.0,75,0,0,0,0,0,0,0,1,0,0,1,0,0
S1635,test,15,4.0,2.7,20,7,8,49.3,146,2.3,0.87,2,0.23,0.73,5.8,53,0,0,0,1,0,0,0,0,0,1,0,0,1
S1636,train,15,0.0,2.3,20,0,4,57.2,97,4.9,0.87,1,0.28,0.83,5.9,56,1,0,0,0,0,0,0,0,1,0,0,0,0
S1637,train,15,0.0,5.9,45,8,16,84.2,315,6.4,0.9,1,0.09,0.98,5.4,80,0,0,0,0,1,0,0,0,0,1,0,0,0
S1638,train,14,7.0,6.3,44,11,11,76.5,114,3.6,0.92,1,0.39,0.92,5.5,62,0,0,0,0,1,0,0,0,0,0,0,1,0
S1639,train,18,2.0,6.3,52,12,11,73.7,209,3.0,0.85,2,0.16,0.81,6.6,65,0,0,1,0,0,0,0,0,1,0,0,0,0
S1640,test,14,1.0,6.5,55,12,21,81.5,302,3.0,0.95,1,0.29,0.92,6.8,75,1,0,0,0,0,0,0,0,1,0,0,0,0
S1641,train,12,12.0,0.5,3,8,10,66.9,233,1.1,0.89,2,0.25,0.94,6.1,55,0,0,0,0,0,1,0,0,0,0,1,0,0
S1642,train,15,18.0,3.2,36,5,14,69.2,164,4.3,0.89,0,0.36,0.88,4.8,55,1,0,0,0,0,0,0,0,0,0,0,1,0
S1643,train,18,0.0,4.1,50,11,13,74.2,180,0.0,0.88,2,0.12,0.89,6.6,85,0,1,0,0,0,0,0,0,0,1,0,0,0
S1644,train,13,15.0,1.0,3,8,11,62.6,135,2.0,0.76,2,0.32,0.83,5.4,73,0,0,0,1,0,0,0,0,0,0,0,1,0
S1645,train,13,22.0,0.5,18,9,7,57.2,64,2.2,0.68,5,0.38,0.86,5.1,57,0,0,1,0,0,0,0,0,1,0,0,0,1
S1646,test,12,8.0,6.2,45,3,8,74.1,193,1.9,0.75,3,0.34,0.96,6.4,78,0,0,0,0,1,0,0,0,0,1,0,0,0
S1647,train,17,0.0,4.5,46,9,18,80.3,284,3.1,0.78,3,0.36,0.83,6.5,65,0,0,0,0,0,0,1,0,1,0,0,0,0
S1648,train,15,2.0,1.0,14,6,3,71.3,116,0.0,0.76,2,0.35,0.7,5.8,67,0,1,0,0,0,0,0,0,1,0,0,0,1
S1649,train,16,0.0,1.9,7,9,6,70.2,170,1.5,0.87,1,0.14,0.8,6.0,59,0,0,0,0,0,0,0,1,0,1,0,0,0
S1650,test,18,0.0,4.0,45,0,16,76.1,219,3.0,0.8,3,0.13,0.86,5.3,70,0,0,0,0,1,0,0,0,0,1,0,0,0
S1651,train,16,10.0,0.5,3,0,0,0.0,51,0.1,0.56,5,0.34,0.66,6.1,36,0,0,0,0,0,1,0,0,1,0,0,0,1
S1652,test,15,0.0,3.3,33,12,10,65.1,209,6.7,0.91,0,0.28,0.92,6.2,52,0,0,0,0,0,1,0,0,1,0,0,0,0
S1653,test,14,8.0,2.0,28,13,14,69.5,249,1.0,0.78,2,0.31,0.85,5.7,66,0,0,1,0,0,0,0,0,0,1,0,0,1
S1654,test,12,7.0,3.7,40,14,22,67.4,399,4.6,1.0,0,0.17,0.87,6.9,74,0,0,1,0,0,0,0,0,0,1,0,0,0
S1655,train,14,0.0,3.8,32,0,5,77.5,109,4.0,0.91,1,0.3,0.78,6.9,59,0,0,1,0,0,0,0,0,1,0,0,0,0
S1656,train,12,17.0,0.5,4,1,5,65.0,0,0.0,0.73,4,0.36,0.78,6.2,59,0,0,0,0,0,0,0,1,0,1,0,0,1
S1657,test,17,10.0,3.4,46,12,21,68.8,375,6.3,0.86,1,0.26,0.89,6.4,44,0,0,0,0,0,1,0,0,0,0,0,1,1
S1658,test,16,9.0,5.0,33,1,9,71.2,0,0.0,0.73,5,0.36,0.67,4.8,50,0,0,0,0,1,0,0,0,0,1,0,0,1
S1659,train,16,6.0,5.8,62,4,22,78.5,361,6.0,0.9,2,0.31,0.99,6.1,73,0,0,0,1,0,0,0,0,0,0,1,0,0
S1660,train,15,0.0,6.1,65,2,14,72.0,280,1.6,0.78,1,0.3,0.78,7.7,52,0,0,0,1,0,0,0,0,1,0,0,0,1
S1661,train,15,0.0,4.2,54,4,8,77.7,43,0.7,0.75,2,0.33,0.81,6.6,72,0,0,0,0,0,0,0,1,0,0,0,1,1
S1662,train,15,0.0,6.6,73,11,12,84.2,93,3.3,0.8,1,0.09,0.89,6.9,80,0,0,0,1,0,0,0,0,0,1,0,0,0
S1663,train,12,27.0,6.0,44,11,20,74.9,311,7.0,0.94,0,0.2,0.99,4.9,81,0,0,0,1,0,0,0,0,0,0,1,0,0
S1664,train,18,0.0,3.3,36,4,5,76.7,124,1.9,0.79,2,0.23,0.79,7.5,59,0,1,0,0,0,0,0,0,0,1,0,0,0
S1665,train,13,0.0,4.4,44,10,10,80.9,158,0.1,0.84,3,0.11,0.84,6.8,89,0,0,1,0,0,0,0,0,0,1,0,0,0
S1666,train,12,31.0,1.9,25,0,6,75.0,14,0.0,0.78,3,0.5,0.91,5.1,51,0,0,1,0,0,0,0,0,0,0,1,0,1
S1667,train,15,0.0,6.4,75,16,22,75.1,413,2.9,0.92,2,0.47,0.88,5.4,71,0,1,0,0,0,0,0,0,1,0,0,0,0
S1668,train,12,5.0,3.8,39,6,10,77.0,183,2.3,0.78,2,0.27,0.76,6.2,73,0,1,0,0,0,0,0,0,0,1,0,0,1
S1669,test,14,24.0,2.4,21,10,14,61.0,118,0.6,0.8,1,0.39,0.92,5.0,58,0,1,0,0,0,0,0,0,0,1,0,0,1
S1670,test,17,24.0,7.6,70,10,16,87.2,283,5.9,0.8,3,0.36,0.94,4.9,86,0,1,0,0,0,0,0,0,0,0,0,1,0
S1671,train,15,12.0,0.5,13,14,13,58.7,33,0.0,0.71,5,0.48,0.82,5.0,57,0,0,0,0,1,0,0,0,0,0,0,1,1
S1672,train,13,0.0,6.4,52,11,12,62.7,208,2.3,0.83,1,0.42,0.89,5.7,58,0,0,0,0,0,0,0,1,0,0,0,1,0
S1673,train,15,0.0,4.1,44,13,25,80.9,244,1.6,0.8,2,0.31,0.84,7.0,57,1,0,0,0,0,0,0,0,1,0,0,0,1
S1674,train,13,19.0,2.5,26,3,4,61.2,95,2.2,0.79,3,0.34,0.76,5.2,55,0,0,0,0,1,0,0,0,0,0,0,1,1
S1675,train,14,9.0,0.5,3,0,0,0.0,28,0.0,0.65,4,0.44,0.85,7.0,45,0,0,0,0,0,0,1,0,1,0,0,0,1
S1676,train,18,2.0,5.3,54,8,13,80.0,263,3.7,0.88,2,0.21,0.95,6.4,77,0,0,0,0,1,0,0,0,0,1,0,0,0
S1677,train,13,7.0,4.1,30,3,12,81.3,190,3.0,0.8,1,0.24,0.83,6.5,65,0,0,0,0,1,0,0,0,0,0,1,0,0
S1678,train,17,18.0,5.8,70,15,21,73.4,275,6.2,0.85,2,0.45,0.96,6.3,77,0,0,0,0,0,0,0,1,1,0,0,0,0
S1679,train,18,13.0,6.7,55,21,28,87.8,323,5.7,0.89,2,0.22,1.0,6.4,92,0,0,0,0,0,1,0,0,0,0,1,0,0
S1680,train,18,0.0,2.4,30,5,17,99.0,185,3.5,1.0,0,0.3,0.89,7.1,92,0,0,0,0,0,0,0,1,1,0,0,0,0
S1681,test,12,0.0,4.1,36,6,17,71.1,304,3.5,1.0,0,0.19,0.94,6.1,80,1,0,0,0,0,0,0,0,1,0,0,0,0
S1682,test,12,0.0,3.4,24,13,10,80.2,156,4.6,0.87,2,0.37,0.94,6.7,68,0,0,0,0,0,1,0,0,1,0,0,0,0
S1683,train,12,5.0,2.3,25,11,15,86.1,251,4.7,0.89,1,0.31,0.9,6.5,87,0,1,0,0,0,0,0,0,0,0,0,1,0
S1684,train,15,0.0,4.9,35,9,5,82.1,94,5.8,0.83,1,0.13,0.87,6.3,71,0,0,0,1,0,0,0,0,0,0,1,0,0
S1685,test,15,0.0,5.8,53,10,25,88.0,290,3.5,0.8,0,0.39,0.94,8.1,64,0,0,1,0,0,0,0,0,0,0,0,1,0
S1686,train,17,0.0,3.7,46,8,15,82.6,227,5.9,0.91,1,0.07,0.95,6.6,72,0,1,0,0,0,0,0,0,1,0,0,0,0
S1687,train,12,0.0,1.1,8,3,9,66.4,104,0.9,1.0,0,0.13,0.78,7.5,69,0,0,0,0,0,0,0,1,1,0,0,0,0
S1688,train,15,3.0,9.2,104,15,24,78.7,226,3.6,0.99,0,0.15,0.99,7.1,82,1,0,0,0,0,0,0,0,0,1,0,0,0
S1689,train,16,0.0,6.2,67,10,14,88.9,251,3.7,0.75,3,0.21,0.9,6.8,69,0,0,0,0,0,1,0,0,0,0,0,1,0
S1690,train,15,0.0,6.9,53,5,5,85.4,43,4.4,0.88,1,0.25,0.82,6.2,71,0,1,0,0,0,0,0,0,0,1,0,0,0
S1691,train,14,0.0,0.5,22,5,0,0.0,0,1.8,0.69,3,0.36,0.77,5.8,45,0,0,0,0,1,0,0,0,1,0,0,0,1
S1692,train,13,35.0,0.5,18,7,12,67.8,211,3.2,0.88,3,0.43,0.85,4.9,50,0,0,0,0,0,1,0,0,0,0,0,1,1
S1693,train,15,0.0,0.5,3,10,11,67.8,146,1.8,0.8,3,0.37,0.75,5.3,63,0,0,0,0,0,0,1,0,1,0,0,0,1
S1694,train,13,5.0,5.7,51,12,24,81.4,333,2.3,0.82,2,0.4,0.81,5.4,69,0,0,0,0,0,1,0,0,1,0,0,0,1
S1695,train,13,15.0,3.2,45,14,28,78.8,499,7.8,0.8,2,0.45,0.94,5.0,68,0,1,0,0,0,0,0,0,0,0,0,1,0
S1696,train,17,7.0,8.3,77,13,34,92.0,500,3.1,0.83,2,0.04,0.83,5.9,71,0,0,1,0,0,0,0,0,0,0,0,1,0
S1697,train,12,0.0,4.1,39,10,4,66.9,120,2.7,0.86,3,0.14,0.83,6.2,64,0,1,0,0,0,0,0,0,0,0,0,1,1
S1698,train,17,7.0,4.5,35,8,24,78.3,178,4.2,0.71,3,0.45,0.86,5.2,67,0,0,0,0,0,0,0,1,1,0,0,0,1
S1699,train,12,0.0,6.2,59,4,16,71.5,232,2.9,0.82,2,0.16,0.89,7.2,69,0,0,0,0,0,0,0,1,0,0,0,1,0
S1700,test,13,0.0,2.3,26,0,3,57.0,77,0.7,0.7,3,0.53,0.69,6.5,63,1,0,0,0,0,0,0,0,0,0,0,1,1
S1701,test,12,0.0,3.9,52,9,10,66.6,125,0.0,0.92,0,0.29,0.67,6.2,69,0,0,0,1,0,0,0,0,0,0,0,1,0
S1702,train,14,0.0,4.1,33,9,11,80.1,241,1.6,0.83,1,0.28,0.75,7.9,42,0,0,0,0,0,0,1,0,0,1,0,0,0
S1703,train,15,0.0,2.5,25,14,22,66.4,251,5.1,0.87,1,0.2,0.8,6.9,69,1,0,0,0,0,0,0,0,0,1,0,0,0
S1704,train,15,0.0,1.9,32,1,11,77.2,193,0.0,0.82,2,0.31,0.91,7.3,56,0,0,0,0,0,0,1,0,0,0,0,1,0
S1705,test,17,20.0,5.3,54,11,14,83.6,186,0.7,0.91,1,0.32,1.0,6.2,65,0,0,0,0,1,0,0,0,1,0,0,0,0
S1706,train,15,14.0,3.5,23,9,9,73.9,47,3.2,0.83,1,0.26,0.97,5.8,60,0,0,0,0,0,0,1,0,1,0,0,0,0
S1707,test,14,1.0,5.3,57,16,16,81.1,227,0.6,0.98,0,0.27,0.87,5.9,74,0,0,0,0,0,1,0,0,0,1,0,0,0
S1708,train,15,3.0,7.1,70,22,27,94.4,361,5.2,1.0,0,0.03,0.89,6.2,86,1,0,0,0,0,0,0,0,1,0,0,0,0
S1709,test,13,0.0,8.3,64,7,15,94.1,262,7.4,0.95,1,0.05,0.95,6.3,95,0,0,0,0,0,0,0,1,0,1,0,0,0
S1710,train,16,35.0,4.4,53,12,15,93.8,207,0.9,0.75,3,0.3,0.86,6.3,82,0,0,0,0,0,0,0,1,1,0,0,0,0
S1711,train,15,0.0,5.9,45,10,26,64.8,433,6.6,0.93,2,0.22,0.94,6.3,83,0,0,0,0,0,0,1,0,1,0,0,0,0
S1712,train,15,4.0,6.6,72,3,13,63.9,131,2.5,0.86,2,0.5,1.0,6.1,67,1,0,0,0,0,0,0,0,0,0,1,0,0
S1713,train,12,0.0,2.6,27,6,7,75.1,85,1.6,0.79,3,0.44,0.77,5.2,46,0,0,0,0,1,0,0,0,0,1,0,0,1
S1714,train,17,0.0,1.8,23,11,6,72.4,0,0.0,0.71,3,0.27,0.89,6.0,58,0,0,0,0,0,1,0,0,1,0,0,0,1
S1715,train,17,0.0,6.7,53,3,5,76.5,119,4.4,0.87,3,0.2,0.83,7.2,66,0,0,1,0,0,0,0,0,0,0,1,0,0
S1716,train,16,0.0,5.7,48,12,22,85.9,197,2.5,0.94,1,0.13,1.0,7.9,75,0,1,0,0,0,0,0,0,0,0,1,0,0
S1717,test,12,2.0,1.9,19,8,0,0.0,86,0.9,0.8,3,0.2,0.81,7.6,50,0,0,0,0,0,1,0,0,0,0,0,1,1
S1718,train,14,24.0,4.4,36,5,17,71.3,242,6.4,0.83,2,0.19,0.9,5.6,69,0,0,0,0,0,1,0,0,0,0,0,1,0
S1719,train,14,0.0,4.8,36,6,6,71.6,40,0.0,0.85,2,0.32,0.84,6.7,53,1,0,0,0,0,0,0,0,1,0,0,0,0
S1720,train,15,2.0,1.5,10,0,0,0.0,40,0.0,0.68,5,0.4,0.87,6.2,35,0,0,0,0,1,0,0,0,0,0,0,1,1
S1721,train,12,0.0,2.9,20,11,11,83.7,172,1.4,0.78,3,0.34,0.91,6.9,64,0,0,0,0,0,0,1,0,0,1,0,0,1
S1722,train,13,0.0,5.0,48,5,4,63.1,0,0.0,0.86,2,0.2,0.93,6.4,54,0,0,0,0,1,0,0,0,1,0,0,0,0
S1723,train,15,15.0,2.2,14,11,16,79.4,273,1.4,0.77,4,0.26,0.76,6.1,66,0,0,0,0,0,0,0,1,0,1,0,0,1
S1724,train,17,26.0,7.9,48,16,30,99.2,544,7.1,0.86,2,0.14,1.0,4.4,95,0,0,0,0,0,0,1,0,0,0,1,0,0
S1725,train,17,13.0,4.6,57,6,13,69.5,77,2.5,0.75,2,0.34,0.72,5.8,70,0,0,1,0,0,0,0,0,0,1,0,0,0
S1726,train,16,24.0,4.9,46,7,14,84.6,212,2.0,0.72,3,0.42,0.78,5.1,68,1,0,0,0,0,0,0,0,1,0,0,0,1
S1727,train,12,0.0,4.2,45,2,11,73.3,239,2.5,0.92,1,0.09,0.75,6.5,66,0,0,1,0,0,0,0,0,1,0,0,0,0
S1728,train,15,23.0,1.1,3,11,20,83.0,264,5.3,0.79,2,0.44,0.77,6.0,68,0,0,0,1,0,0,0,0,1,0,0,0,0
S1729,train,18,28.0,1.4,4,0,0,0.0,0,0.0,0.7,2,0.46,0.83,6.2,51,0,0,0,0,0,0,1,0,0,0,0,1,1
S1730,test,13,0.0,6.9,65,12,16,78.2,232,5.3,0.75,4,0.2,0.85,6.1,79,0,0,0,0,0,0,0,1,1,0,0,0,0
S1731,train,12,0.0,9.1,104,7,17,77.3,292,2.5,0.91,2,0.3,0.83,6.2,65,0,0,0,0,0,0,1,0,1,0,0,0,0
S1732,train,14,0.0,5.7,57,3,12,71.1,118,1.1,0.84,1,0.28,0.87,6.4,77,0,1,0,0,0,0,0,0,1,0,0,0,0
S1733,test,15,0.0,0.5,3,1,0,0.0,0,1.0,0.77,3,0.58,0.6,5.7,48,0,0,0,1,0,0,0,0,0,1,0,0,1
S1734,train,18,5.0,1.3,14,4,7,75.6,0,2.0,0.81,2,0.39,0.91,6.1,63,0,0,0,1,0,0,0,0,0,1,0,0,0
S1735,train,18,9.0,7.7,60,6,17,76.8,156,4.4,0.8,2,0.22,0.84,5.3,60,0,0,0,0,1,0,0,0,0,0,0,1,0
S1736,train,12,0.0,4.9,37,10,23,72.8,380,2.1,0.8,4,0.25,0.92,6.3,78,0,0,0,1,0,0,0,0,1,0,0,0,0
S1737,test,15,0.0,5.1,55,14,14,69.8,154,4.5,0.86,3,0.29,0.93,7.0,63,0,0,0,0,0,1,0,0,0,1,0,0,0
S1738,train,14,15.0,5.8,55,10,24,88.8,320,7.4,0.97,0,0.21,0.92,5.2,81,0,0,1,0,0,0,0,0,0,0,1,0,0
S1739,train,16,0.0,3.4,34,0,4,70.1,84,0.9,0.7,3,0.21,0.71,7.3,59,0,0,0,0,1,0,0,0,0,0,1,0,1
S1740,train,17,29.0,5.9,65,17,19,72.2,143,6.9,0.87,2,0.3,0.86,5.4,80,0,0,0,1,0,0,0,0,0,0,1,0,0
S1741,train,16,5.0,8.9,85,3,13,74.8,167,3.1,0.77,4,0.3,0.85,5.9,76,0,0,1,0,0,0,0,0,0,0,1,0,0
S1742,train,15,0.0,8.0,62,7,13,59.7,158,1.2,1.0,0,0.12,0.95,6.4,61,0,0,0,1,0,0,0,0,0,1,0,0,0
S1743,train,12,5.0,0.5,18,3,0,0.0,3,0.0,0.59,5,0.58,0.69,6.2,43,0,0,0,0,1,0,0,0,1,0,0,0,1
S1744,train,18,0.0,5.6,58,11,27,97.4,372,5.2,0.83,3,0.05,0.85,6.8,71,0,0,0,0,1,0,0,0,0,0,1,0,0
S1745,train,18,0.0,3.1,38,10,17,85.2,203,4.3,0.88,2,0.21,0.74,5.9,64,0,0,0,0,0,0,0,1,1,0,0,0,0
S1746,test,15,0.0,9.1,81,14,20,93.5,248,6.1,0.89,2,0.14,0.91,6.4,89,1,0,0,0,0,0,0,0,0,0,0,1,0
S1747,train,17,0.0,2.1,24,6,18,75.9,252,3.0,0.77,1,0.2,0.94,7.1,70,0,0,0,0,1,0,0,0,0,0,1,0,0
S1748,train,14,0.0,0.5,18,7,9,54.8,82,3.4,0.78,3,0.36,0.94,6.8,66,1,0,0,0,0,0,0,0,0,0,1,0,0
S1749,train,14,1.0,2.8,21,5,10,77.8,231,3.2,0.88,1,0.33,0.87,5.2,42,0,0,0,1,0,0,0,0,1,0,0,0,0
S1750,train,18,0.0,5.5,59,2,14,80.9,271,1.9,0.85,0,0.23,0.92,6.3,59,0,1,0,0,0,0,0,0,0,0,1,0,0
S1751,train,14,12.0,3.7,47,10,10,72.3,174,1.9,0.8,1,0.13,0.89,6.2,80,0,0,0,1,0,0,0,0,1,0,0,0,0
S1752,train,15,0.0,4.3,56,4,1,45.1,1,2.9,0.67,4,0.21,0.75,6.3,53,0,0,0,0,0,0,0,1,1,0,0,0,1
S1753,train,14,0.0,1.9,8,7,7,56.5,86,0.0,0.83,2,0.37,0.82,5.5,60,0,1,0,0,0,0,0,0,1,0,0,0,1
S1754,test,13,16.0,8.4,70,12,15,79.7,265,4.6,0.9,1,0.4,0.95,7.3,77,0,0,0,1,0,0,0,0,0,1,0,0,0
S1755,train,15,0.0,4.7,37,2,7,72.2,106,1.7,0.78,4,0.03,0.81,5.8,70,0,0,1,0,0,0,0,0,1,0,0,0,0
S1756,test,16,16.0,2.8,26,2,2,67.6,0,1.1,0.89,1,0.29,0.92,5.1,76,0,0,0,0,0,0,0,1,0,0,0,1,0
S1757,train,16,0.0,2.1,19,8,8,65.5,134,5.1,0.72,2,0.29,0.74,7.9,41,0,0,1,0,0,0,0,0,0,0,0,1,0
S1758,train,12,3.0,9.6,91,9,21,81.4,320,5.6,1.0,0,0.19,1.0,6.2,66,0,0,0,0,1,0,0,0,1,0,0,0,0
S1759,train,14,2.0,5.7,57,7,17,87.3,262,3.3,0.86,3,0.19,0.86,6.3,76,0,0,0,0,0,0,0,1,0,1,0,0,0
S1760,train,17,12.0,0.5,3,4,9,69.8,68,0.0,0.82,2,0.43,0.83,6.2,61,0,0,0,0,0,1,0,0,0,1,0,0,1
S1761,train,17,11.0,4.7,49,9,14,67.9,131,1.1,0.75,3,0.21,0.96,5.9,67,0,0,1,0,0,0,0,0,0,0,0,1,0
S1762,train,14,4.0,1.7,7,7,11,64.8,117,2.3,0.7,4,0.3,0.77,6.2,63,0,0,0,0,1,0,0,0,1,0,0,0,1
S1763,train,17,0.0,11.4,105,11,25,86.1,291,5.0,1.0,0,0.09,0.99,6.4,83,0,0,0,0,0,0,0,1,0,0,1,0,0
S1764,train,16,4.0,4.2,27,8,18,82.9,174,3.2,0.87,2,0.16,0.82,6.9,73,0,0,0,1,0,0,0,0,0,1,0,0,0
S1765,train,14,13.0,1.1,24,14,12,67.9,218,2.2,0.85,1,0.36,0.85,5.8,65,0,0,0,1,0,0,0,0,0,0,1,0,1
S1766,train,15,24.0,0.5,3,1,12,95.1,148,0.0,0.71,2,0.44,0.85,5.8,72,0,0,0,0,0,0,0,1,1,0,0,0,1
S1767,train,13,0.0,2.4,18,5,15,72.9,194,4.6,0.87,1,0.17,0.99,7.3,66,0,0,0,0,0,0,0,1,0,0,1,0,0
S1768,train,12,0.0,5.2,36,7,13,63.1,177,3.6,0.86,3,0.28,0.74,7.0,59,0,0,0,1,0,0,0,0,0,0,1,0,0
S1769,train,13,0.0,10.2,100,15,24,82.5,211,6.7,0.86,2,0.16,0.86,6.1,83,0,0,0,0,0,0,0,1,0,0,1,0,0
S1770,train,15,0.0,3.2,36,3,5,67.2,104,0.0,0.75,4,0.27,0.7,6.0,51,0,1,0,0,0,0,0,0,0,0,0,1,1
S1771,test,16,15.0,0.9,7,3,7,73.3,83,0.1,0.67,2,0.38,0.61,5.7,69,1,0,0,0,0,0,0,0,0,1,0,0,1
S1772,train,18,0.0,5.4,41,17,16,86.0,160,6.1,0.94,1,0.34,0.91,6.0,88,1,0,0,0,0,0,0,0,0,0,0,1,0
S1773,train,17,14.0,4.1,26,8,6,71.6,61,3.2,0.75,4,0.29,0.89,6.8,55,1,0,0,0,0,0,0,0,0,1,0,0,0
S1774,train,12,0.0,5.1,41,16,15,74.7,261,5.1,0.91,2,0.11,0.91,6.7,69,0,1,0,0,0,0,0,0,1,0,0,0,0
S1775,train,17,0.0,5.2,49,3,19,74.1,254,5.5,0.92,0,0.31,0.93,6.9,92,0,0,0,0,0,0,0,1,0,1,0,0,0
S1776,train,12,0.0,1.6,25,0,1,68.3,98,0.0,0.62,3,0.46,0.7,5.8,40,0,0,0,0,0,1,0,0,1,0,0,0,1
S1777,train,12,16.0,4.1,42,8,12,80.5,248,0.7,0.71,3,0.42,0.85,5.7,67,0,1,0,0,0,0,0,0,1,0,0,0,1
S1778,train,14,3.0,5.6,62,16,26,62.2,458,1.9,0.81,1,0.26,0.86,6.5,69,0,0,0,1,0,0,0,0,0,0,0,1,0
S1779,test,14,0.0,6.3,59,11,17,69.1,268,3.1,0.85,2,0.28,0.87,5.3,65,0,1,0,0,0,0,0,0,1,0,0,0,0
S1780,train,17,10.0,8.0,74,16,7,77.2,140,0.4,0.79,2,0.33,0.9,6.8,79,0,0,0,0,0,0,1,0,1,0,0,0,0
S1781,test,14,0.0,3.2,33,5,4,69.6,0,0.0,0.75,4,0.35,0.8,5.8,41,0,0,0,0,1,0,0,0,0,1,0,0,0
S1782,train,14,1.0,7.4,72,12,19,69.1,240,2.9,0.72,4,0.24,0.77,5.9,53,0,0,0,0,0,1,0,0,0,1,0,0,1
S1783,train,15,31.0,6.9,59,7,17,81.4,297,3.7,0.83,1,0.38,0.81,4.5,66,0,0,0,0,0,1,0,0,0,0,1,0,0
S1784,train,18,7.0,6.9,71,9,25,70.9,379,0.0,0.84,2,0.27,0.94,5.8,84,0,0,0,0,0,0,0,1,0,0,1,0,0
S1785,train,14,13.0,4.6,46,6,18,65.1,120,0.6,0.81,1,0.43,0.7,5.0,59,1,0,0,0,0,0,0,0,1,0,0,0,1
S1786,train,17,35.0,3.6,29,12,10,91.6,124,2.2,0.76,4,0.17,0.8,4.9,64,1,0,0,0,0,0,0,0,0,1,0,0,0
S1787,train,16,6.0,6.6,67,6,24,58.6,303,4.0,0.72,3,0.32,0.97,6.7,51,0,0,1,0,0,0,0,0,1,0,0,0,0
S1788,train,15,22.0,0.5,3,4,4,58.9,75,0.3,0.66,3,0.35,0.89,5.2,52,0,0,0,0,0,1,0,0,0,1,0,0,1
S1789,train,16,7.0,4.4,40,15,20,85.1,249,4.8,0.97,0,0.19,0.95,6.3,76,0,1,0,0,0,0,0,0,1,0,0,0,0
S1790,train,15,0.0,3.5,29,4,19,87.3,244,3.3,0.87,1,0.09,0.86,6.7,78,0,0,0,0,1,0,0,0,1,0,0,0,0
S1791,train,16,0.0,5.9,56,15,37,98.2,519,4.3,0.94,0,0.06,0.8,7.9,93,0,0,0,1,0,0,0,0,0,0,1,0,0
S1792,train,14,2.0,4.7,51,12,14,85.8,186,2.7,0.8,4,0.27,0.89,6.5,61,0,0,0,0,0,0,1,0,0,1,0,0,0
S1793,test,15,0.0,4.2,29,11,27,90.9,399,2.2,0.94,0,0.41,0.83,6.8,73,0,0,0,0,0,1,0,0,1,0,0,0,0
S1794,train,13,0.0,5.2,52,19,28,73.6,321,3.1,0.73,3,0.23,0.93,5.4,77,0,0,0,0,0,0,0,1,0,1,0,0,0
S1795,train,14,0.0,6.8,62,8,20,98.1,287,3.8,0.97,2,0.29,0.93,6.2,82,1,0,0,0,0,0,0,0,1,0,0,0,0
S1796,test,18,0.0,4.0,32,8,15,79.7,229,0.0,0.7,4,0.18,0.89,6.6,60,0,0,0,0,1,0,0,0,0,0,0,1,0
S1797,train,15,2.0,5.1,38,13,13,68.7,115,4.1,0.81,3,0.32,0.81,6.4,57,0,0,0,0,0,0,1,0,0,1,0,0,0
S1798,train,15,0.0,3.2,36,8,10,66.0,134,2.3,0.8,3,0.22,0.81,6.0,53,0,1,0,0,0,0,0,0,1,0,0,0,1
S1799,train,14,0.0,2.1,17,2,3,82.4,110,0.4,0.89,1,0.33,0.78,5.3,64,0,0,0,0,0,1,0,0,0,0,0,1,0
